nid,vid,uid,title,timestamp
1,1,1,"test media",1348445463
2,2,1,"Аргентина. Интервью с мёртвым наркодилером",1471779930
3,3,1,"фильмы",1438443055
4,4,1,"Мундштук мистера Макаллистера",1369563179
6,6,1,"Бразилия",1361621270
7,7,1,"Без имени",1471781217
8,8,1,"Народная музыка из Виттулы",1370164332
9,9,1,"Девушка со спичечной фабрики",1370951149
10,10,1,"Вдаль уплывают облака",1471781924
11,11,1,"Береги свою косынку, Татьяна",1370951078
12,12,1,"Крысиные Бега",1416667882
13,13,1,"Джек Восьмёркин-американец",1369486716
154,154,1,"Киллер",1349966659
155,155,1,"час пик 2",1349966659
156,156,1,"Тайны дворцовых переворотов",1349966659
157,157,1,"Груз",1349966659
158,158,1,"Большой Куш",1349966659
159,159,1,"Карты, Деньги , Два Ствола",1349966659
160,160,1,"Елизавета I",1349966659
161,161,1,"Мирные времена",1349966659
162,162,1,"Виктор Астафьев. Другая война",1349966659
163,163,1,"Халхин-Гол. Неизвестная война",1349966659
164,164,1,"Собака на сене",1349966659
165,165,1,"Юлий Цезарь",1349966659
166,166,1,"Дон Жуан",1349966659
167,167,1,"Дон Жуан",1349966659
168,168,1,"Севильский цирюльник",1349966659
169,169,1,"Моцарт - Женитьба Фигаро (фрагменты)",1349966659
170,170,1,"Изображая жертву",1349966659
171,171,1,"Евангелие от Матфея",1349966659
172,172,1,"Трудно быть Богом",1349966659
173,173,1,"Амадей",1349966659
174,174,1,"Часто задаваемые вопросы о путешествиях во времени",1349966659
175,175,1,"Капитан из Кёпеника",1349966659
176,176,1,"Звезды русского авангарда",1349966659
177,177,1,"Европа",1349966659
178,178,1,"Танцующая в темноте",1349966659
179,179,1,"Заводной апельсин",1349966659
180,180,1,"Игры разума",1349966659
181,181,1,"Кабаре",1349966659
182,182,1,"О бедном гусаре замолвите слово",1349966659
183,183,1,"Осенний марафон",1349966659
184,184,1,"Метрополис",1349966659
185,185,1,"Аэлита: Королева Марса",1349966659
186,186,1,"Пунш из жжёного сахара",1349966659
187,187,1,"Величайшие шедевры мировой культуры",1349966659
188,188,1,"Трофимъ (Прибытие поезда)",1349966659
189,189,1,"Русские страшилки",1349966659
190,190,1,"Мы - вундеркинды",1349966659
191,191,1,"Дрифтер",1349966659
192,192,1,"Аватар",1349966659
193,193,1,"Барышня и Хулиган",1349966659
194,194,1,"Вёселый год Маяковского",1349966659
195,195,1,"Телефонная будка",1349966659
196,196,1,"Дети Бога войны",1349966659
197,197,1,"Есенин",1349966659
198,198,1,"99 Франков",1349966659
199,199,1,"Горячие Головы 2",1349966659
200,200,1,"Аэроплан",1349966659
201,201,1,"Место встречи изменить нельзя",1349966659
202,202,1,"Сбрось маму с поезда",1349966659
203,203,1,"Субмарино",1349966659
204,204,1,"Жайме",1349966659
205,205,1,"13 роз",1349966659
206,206,1,"Луна 2112",1349966659
207,207,1,"Демонстрация возможностей робота-гуманоида АСИМО (ASIMO) от компании HONDA ",1349966659
208,208,1,"Discovery: Роботы, такие похожие на людей",1349966659
209,209,1,"Путешествие на край Вселенной",1349966659
210,210,1,"Безмолвный Город",1349966659
211,211,1,"Бензоколонка",1349966659
212,212,1,"Поколение П",1349966659
213,213,1,"Самый грустный мальчик в мире",1349966659
214,214,1,"Учите английский",1349966659
215,215,1,"приключения Буратино",1349966659
216,216,1,"Собеседование",1349966659
217,217,1,"Точка, стремящаяся к нулю",1349966659
218,218,1,"Гадюка",1349966659
219,219,1,"Большинство людей живут в Китае",1349966659
220,220,1,"Кавказская пленница",1349966659
221,221,1,"Операция Ы и другие приключения Шурика",1349966659
222,222,1,"Иван Васильевич меняет профессию",1349966659
223,223,1,"Бойцовский Клуб",1349966659
224,224,1,"Эффект бабочки",1349966659
225,225,1,"Дневной дозор",1349966659
226,226,1,"Турецкий Гамбит",1349966659
227,227,1,"Афоня",1349966659
228,228,1,"Искатели приключений",1349966659
229,229,1,"Андрей Рублев",1349966659
230,230,1,"в джазе только девушки",1349966659
231,231,1,"Апокалипсис",1349966659
232,232,1,"Хоттабыч",1349966659
233,233,1,"Роман с камнем",1349966659
234,234,1,"Понедельник",1349966659
235,235,1,"Кин-дза-дза!",1349966659
236,236,1,"На игле",1349966659
237,237,1,"Копировальная контора / Ксерокс",1349966659
238,238,1,"Его новая работа",1349966659
239,239,1,"Я - киборг. Человек будущего. Какими мы станем",1349966659
240,240,1,"Мир нанотехнологий",1349966659
241,241,1,"Швамбранский адмирал. Лев Кассиль",1349966659
242,242,1,"Главная тайна республики ШКИД",1349966659
243,243,1,"Трио из Бельвилля",1349966659
244,244,1,"Моя семья и другие звери",1349966659
245,245,1,"День зарплаты",1349966659
246,246,1,"Рокеры",1349966659
247,247,1,"Ещё один день в раю",1349966659
248,248,1,"Джонни - Бешеный Пес",1349966659
249,249,1,"Метастазы",1349966659
250,250,1,"Трилогия Кацци (Коянискацци, Повакацци, Накойкацци)",1349966659
251,251,1,"Китаянка",1349966659
252,252,1,"Джек Восьмёркин-американец.",1349966659
253,253,1,"Поля сражений - Маньчжурия ,забытая Победа",1349966659
254,254,1,"Живая история - 1956 год. Середина века. (12 серий)",1349966659
255,255,1,"Россия. Забытые годы. Гражданская война в России",1349966659
256,256,1,"Вместе",1349966659
257,257,1,"Тайны финской войны",1349966659
258,258,1,"Путешествие на край Вселенной",1349966659
259,259,1,"С точки зрения науки: Смерть Солнца",1349966659
260,260,1,"Секретные истории. Последний день планеты",1349966659
261,261,1,"Дети Гитлера. Гитлерюгенд. (5 частей)",1349966659
262,262,1,"Дон Жуан",1349966745
263,263,1,"Звезды русского авангарда",1349966745
264,264,1,"О бедном гусаре замолвите слово",1349966745
265,265,1,"Вёселый год Маяковского",1349966745
266,266,1,"Учите английский",1349966745
267,267,1,"приключения Буратино",1349966745
268,268,1,"Собеседование",1349966745
269,269,1,"Точка, стремящаяся к нулю",1349966745
270,270,1,"Гадюка",1349966745
271,271,1,"Большинство людей живут в Китае",1349966745
272,272,1,"Кавказская пленница",1349966745
273,273,1,"Операция Ы и другие приключения Шурика",1349966745
274,274,1,"Иван Васильевич меняет профессию",1349966745
275,275,1,"Бойцовский Клуб",1349966745
276,276,1,"Эффект бабочки",1349966745
277,277,1,"Дневной дозор",1349966745
278,278,1,"Турецкий Гамбит",1349966745
279,279,1,"Афоня",1349966745
280,280,1,"Искатели приключений",1349966745
281,281,1,"в джазе только девушки",1349966745
282,282,1,"Хоттабыч",1349966745
283,283,1,"Роман с камнем",1349966745
284,284,1,"Кин-дза-дза!",1349966745
285,285,1,"Трио из Бельвилля",1349966745
286,286,1,"Рокеры",1349966745
287,287,1,"Ещё один день в раю",1349966745
288,288,1,"Трилогия Кацци (Коянискацци, Повакацци, Накойкацци)",1349966745
289,289,1,"Поля сражений - Маньчжурия ,забытая Победа",1349966745
290,290,1,"Россия. Забытые годы. Гражданская война в России",1349966745
292,292,1,"Дон Жуан",1349967383
293,293,1,"Звезды русского авангарда",1349967383
294,294,1,"О бедном гусаре замолвите слово",1349967383
295,295,1,"Вёселый год Маяковского",1349967383
296,296,1,"Путешествие на край Вселенной",1349967383
297,297,1,"Учите английский",1349967383
298,298,1,"приключения Буратино",1349967383
299,299,1,"Собеседование",1349967383
300,300,1,"Точка, стремящаяся к нулю",1349967383
301,301,1,"Гадюка",1349967383
302,302,1,"Большинство людей живут в Китае",1349967383
303,303,1,"Кавказская пленница",1349967383
304,304,1,"Операция Ы и другие приключения Шурика",1349967383
305,305,1,"Иван Васильевич меняет профессию",1349967383
306,306,1,"Бойцовский Клуб",1349967383
307,307,1,"Эффект бабочки",1349967383
308,308,1,"Дневной дозор",1349967383
309,309,1,"Турецкий Гамбит",1349967383
310,310,1,"Афоня",1349967383
311,311,1,"Искатели приключений",1349967383
312,312,1,"в джазе только девушки",1349967383
313,313,1,"Хоттабыч",1349967383
314,314,1,"Роман с камнем",1349967383
315,315,1,"Кин-дза-дза!",1349967383
316,316,1,"Главная тайна республики ШКИД",1349967383
317,317,1,"Трио из Бельвилля",1349967383
318,318,1,"Рокеры",1349967383
319,319,1,"Ещё один день в раю",1349967383
320,320,1,"Трилогия Кацци (Коянискацци, Повакацци, Накойкацци)",1349967383
321,321,1,"Джек Восьмёркин-американец.",1349967383
322,322,1,"Поля сражений - Маньчжурия ,забытая Победа",1349967383
323,323,1,"Россия. Забытые годы. Гражданская война в России",1349967383
324,324,1,"Путешествие на край Вселенной",1349967383
325,325,1,"Дети Гитлера. Гитлерюгенд. (5 частей)",1349967383
326,326,1,"Война в лесах",1349967383
327,327,1,"Армянский геноцид",1349967383
328,328,1,"Тайна лагеря Бадабер / Афганский капкан",1349967383
329,329,1,"Пекло",1349967383
330,330,1,"Катание по Марсу",1349967383
331,331,1,"Рожденные в СССР. 14 лет,  21 год",1349967383
332,332,1,"Четвёртая Мировая Война",1349967383
333,333,1,"Новосибирск. Город, где я.",1349967383
334,334,1,"Базирование на Луне",1349967383
335,335,1,"51-й штат",1349967383
336,336,1,"Ложь во имя науки",1349967383
337,337,1,"Войны Стилей",1349967383
338,338,1,"Проект Искатели.Славянские пирамиды",1349967383
339,339,1,"BBC: Космос. Неизбежность",1349967383
340,340,1,"Десять каноэ",1349967383
341,341,1,"Скины",1349967383
342,342,1,"На Игле",1349967383
343,343,1,"Луковый кинофильм",1349967383
344,344,1,"Реальный папа",1349967383
345,345,1,"Первое лунное поселение",1349967383
346,346,1,"Красный отель",1349967383
347,347,1,"Затоичи (Слепой Ичи)",1349967383
348,348,1,"Отстреливая собак",1349967383
349,349,1,"Ребята возвращаются",1349967383
350,350,1,"Чингисхан",1349967383
351,351,1,"Сид И Нэнси",1349967383
352,352,1,"Несколько дней из жизни И.И.Обломова",1349967383
353,353,1,"Доктор Стрейнджлав",1349967383
354,354,1,"Мы из будущего",1349967383
355,355,1,"Мимино",1349967383
356,356,1,"Фортуна",1349967383
357,357,1,"Фантомас",1349967383
358,358,1,"Бриллиантовая Рука",1349967383
359,359,1,"Двенадцать стульев",1349967383
360,360,1,"38-я параллель",1349967383
361,361,1,"Че: Часть первая. Аргентинец",1349967383
362,362,1,"Битва за Корею",1349967383
363,363,1,"Сталинград: Подлинная история",1349967383
364,364,1,"Первая Мировая Война в цвете",1349967383
365,365,1,"Триумф воли",1349967383
366,366,1,"Дом с привидениями",1349967383
367,367,1,"Турецкий Гамбит",1349967383
368,368,1,"Золотой теленок",1349967383
369,369,1,"Александр Беляев. Бунт Ихтиандра",1349967383
370,370,1,"Искатель приключений",1349967383
371,371,1,"День развлечений",1349967383
372,372,1,"Раковина и священник",1349967383
373,373,1,"На Диком Западе",1349967383
374,374,1,"Бесценный доллар",1349967383
375,375,1,"Глобальный метал",1349967383
376,376,1,"Жаворонок",1349967383
377,377,1,"Пьеса для пассажира",1349967383
378,378,1,"Добро пожаловать, или Посторонним вход воспрещён",1349967383
379,379,1,"Дом",1349967383
380,380,1,"Анна-Монстр",1349967383
382,382,1,"Элкерлик",1349967383
383,383,1,"Северная Корея: день из жизни",1349967383
384,384,1,"Чуждые Земли",1349967383
385,385,1,"Апокалипсис: Вторая Мировая война",1349967383
386,386,1,"Бедный, Бедный Павел",1349967383
387,387,1,"В начале славных дел",1349967383
388,388,1,"Первая прямая трансляция HDTV из космоса",1349967383
389,389,1,"Амели",1349967383
390,390,1,"Большая перемена",1349967383
391,391,1,"Куклы гарема Сегуна",1349967383
392,392,1,"Кто Подставил Кролика Роджера",1349967383
393,393,1,"Пигмалион",1349967383
394,394,1,"Яков Лжец",1349967383
395,395,1,"Фанатик",1349967383
396,396,1,"Сумрачный Самурай",1349967383
397,397,1,"Огнем И Мечом",1349967383
398,398,1,"Юность Петра",1349967383
399,399,1,"Незнакомцы в поезде",1349967383
400,400,1,"Остров Даманский. 1969 год",1349967383
401,401,1,"Великая война. Фильм 5.Курская дуга",1349967383
402,402,1,"Новые Времена",1349967383
403,403,1,"Республика Шкид",1349967383
404,404,1,"Смерть рабочего",1349967383
405,405,1,"Театральный роман",1349967383
406,406,1,"Безумие любви",1349967383
407,407,1,"Фараон",1349967383
408,408,1,"Играй как Бекхэм!",1349967383
409,409,1,"Шаги императора",1349967383
410,410,1,"Нежная Ирма",1349967383
411,411,1,"Рыбка По Имени Ванда",1349967383
412,412,1,"Цветок 1001 ночи",1349967383
413,413,1,"Кентерберийские рассказы",1349967383
414,414,1,"Декамерон",1349967383
415,415,1,"Идиоты",1349967383
416,416,1,"Торжество. Догма №1",1349967383
417,417,1,"Пилат и другие - Фильм на Страстную пятницу",1349967383
418,418,1,"Собака на сене",1349967383
419,419,1,"Барри Линдон",1349967383
420,420,1,"Страх и трепет",1349967383
421,421,1,"Гидравлика",1349967383
422,422,1,"Холодное лето 53-го",1349967383
423,423,1,"Я не боюсь",1349967383
424,424,1,"Остров",1349967383
425,425,1,"Телефонная Будка",1349967383
426,426,1,"Пираты Силиконовой Долины",1349967383
427,427,1,"Рестлер",1349967383
428,428,1,"Шут",1349967383
429,429,1,"Без имени",1349967383
430,430,1,"Звездный Десант",1349967383
431,431,1,"Человек с поезда",1349967383
432,432,1,"Я",1349967383
433,433,1,"Пыль",1349967383
434,434,1,"12 Стульев",1349967383
435,435,1,"Семь Нянек ",1349967383
436,436,1,"Аэроплан 2. Продолжение",1349967383
437,437,1,"Управление Гневом",1349967383
438,438,1,"Берегись Автомобиля!",1349967383
439,439,1,"Экстази",1349967383
440,440,1,"Догма",1349967383
441,441,1,"Фанфан - Тюльпан",1349967383
442,442,1,"Фортуна",1349967383
443,443,1,"Курочка ряба",1349967383
444,444,1,"Крысиные Бега",1349967383
445,445,1,"Шерлок младший",1349967383
446,446,1,"Шестиструнный Самурай",1349967383
447,447,1,"Шпионы Как Мы",1349967383
448,448,1,"Плутовство",1349967383
449,449,1,"Жмурки ",1349967383
450,450,1,"Собачье Сердце ",1349967383
451,451,1,"Горячие Головы",1349967383
452,452,1,"Горячие Головы 2",1349967383
453,453,1,"Кровавый Четверг",1349967383
454,454,1,"Игрушка",1349967383
455,455,1,"Барака",1349967383
456,456,1,"Песнь тела",1349967383
457,457,1,"Запретные темы истории. Загадки Древнего Египта",1349967383
458,458,1,"Дон Жуан",1349967538
459,459,1,"Звезды русского авангарда",1349967538
460,460,1,"О бедном гусаре замолвите слово",1349967538
461,461,1,"Вёселый год Маяковского",1349967538
462,462,1,"Учите английский",1349967538
463,463,1,"приключения Буратино",1349967538
464,464,1,"Собеседование",1349967538
465,465,1,"Точка, стремящаяся к нулю",1349967538
466,466,1,"Гадюка",1349967538
467,467,1,"Большинство людей живут в Китае",1349967538
468,468,1,"Кавказская пленница",1349967538
469,469,1,"Операция Ы и другие приключения Шурика",1349967538
470,470,1,"Иван Васильевич меняет профессию",1349967538
471,471,1,"Бойцовский Клуб",1349967538
472,472,1,"Эффект бабочки",1349967538
473,473,1,"Дневной дозор",1349967538
474,474,1,"Турецкий Гамбит",1349967538
475,475,1,"Афоня",1349967538
476,476,1,"Искатели приключений",1349967538
477,477,1,"в джазе только девушки",1349967538
478,478,1,"Хоттабыч",1349967538
479,479,1,"Роман с камнем",1349967538
480,480,1,"Кин-дза-дза!",1349967538
481,481,1,"Трио из Бельвилля",1349967538
482,482,1,"Рокеры",1349967538
483,483,1,"Ещё один день в раю",1349967538
484,484,1,"Трилогия Кацци (Коянискацци, Повакацци, Накойкацци)",1349967538
485,485,1,"Поля сражений - Маньчжурия ,забытая Победа",1349967538
486,486,1,"Россия. Забытые годы. Гражданская война в России",1349967538
487,487,1,"Рожденные в СССР. 14 лет,  21 год",1349967538
488,488,1,"Бриллиантовая Рука",1349967538
489,489,1,"Анна-Монстр",1349967538
490,490,1,"Марикен из Ньюмейхен",1349967538
491,491,1,"Страх и трепет",1349967538
492,492,1,"Аэроплан 2. Продолжение",1349967538
493,493,1,"Управление Гневом",1349967538
494,494,1,"Фанфан - Тюльпан",1349967538
495,495,1,"Курочка ряба",1349967538
496,496,1,"Шерлок младший",1349967538
497,497,1,"Шестиструнный Самурай",1349967538
498,498,1,"Собачье Сердце ",1349967538
499,499,1,"Песнь тела",1349967538
500,500,1,"Запретные темы истории. Загадки Древнего Египта",1349967538
501,501,1,"Дон Жуан",1349967656
502,502,1,"Звезды русского авангарда",1349967656
503,503,1,"О бедном гусаре замолвите слово",1349967656
504,504,1,"Вёселый год Маяковского",1349967656
505,505,1,"Учите английский",1349967656
506,506,1,"приключения Буратино",1349967656
507,507,1,"Собеседование",1349967656
508,508,1,"Точка, стремящаяся к нулю",1349967656
509,509,1,"Гадюка",1349967656
510,510,1,"Большинство людей живут в Китае",1349967656
511,511,1,"Кавказская пленница",1349967656
512,512,1,"Операция Ы и другие приключения Шурика",1349967656
513,513,1,"Иван Васильевич меняет профессию",1349967656
514,514,1,"Бойцовский Клуб",1349967656
515,515,1,"Эффект бабочки",1349967656
516,516,1,"Дневной дозор",1349967656
517,517,1,"Турецкий Гамбит",1349967656
518,518,1,"Афоня",1349967656
519,519,1,"Искатели приключений",1349967656
520,520,1,"в джазе только девушки",1349967656
521,521,1,"Хоттабыч",1349967656
522,522,1,"Роман с камнем",1349967656
523,523,1,"Кин-дза-дза!",1349967656
524,524,1,"Трио из Бельвилля",1349967656
525,525,1,"Рокеры",1349967656
526,526,1,"Ещё один день в раю",1349967656
527,527,1,"Трилогия Кацци (Коянискацци, Повакацци, Накойкацци)",1349967656
528,528,1,"Поля сражений - Маньчжурия ,забытая Победа",1349967656
529,529,1,"Россия. Забытые годы. Гражданская война в России",1349967656
530,530,1,"Рожденные в СССР. 14 лет,  21 год",1349967656
531,531,1,"Бриллиантовая Рука",1349967656
532,532,1,"Анна-Монстр",1349967656
533,533,1,"Страх и трепет",1349967656
534,534,1,"Аэроплан 2. Продолжение",1349967656
535,535,1,"Управление Гневом",1349967656
536,536,1,"Фанфан - Тюльпан",1349967656
537,537,1,"Курочка ряба",1349967656
538,538,1,"Шерлок младший",1349967656
539,539,1,"Шестиструнный Самурай",1349967656
540,540,1,"Собачье Сердце ",1349967656
541,541,1,"Песнь тела",1349967656
542,542,1,"Запретные темы истории. Загадки Древнего Египта",1349967656
543,543,1,"Дон Жуан",1349967825
544,544,1,"Звезды русского авангарда",1349967825
545,545,1,"О бедном гусаре замолвите слово",1349967825
546,546,1,"Вёселый год Маяковского",1349967825
547,547,1,"Путешествие на край Вселенной",1349967825
548,548,1,"Учите английский",1349967825
549,549,1,"приключения Буратино",1349967825
550,550,1,"Собеседование",1349967825
551,551,1,"Точка, стремящаяся к нулю",1349967825
552,552,1,"Гадюка",1349967825
553,553,1,"Большинство людей живут в Китае",1349967825
554,554,1,"Кавказская пленница",1349967825
555,555,1,"Операция Ы и другие приключения Шурика",1349967825
556,556,1,"Иван Васильевич меняет профессию",1349967825
557,557,1,"Бойцовский Клуб",1349967825
558,558,1,"Эффект бабочки",1349967825
559,559,1,"Дневной дозор",1349967825
560,560,1,"Турецкий Гамбит",1349967825
561,561,1,"Афоня",1349967825
562,562,1,"Искатели приключений",1349967825
563,563,1,"в джазе только девушки",1349967825
564,564,1,"Хоттабыч",1349967825
565,565,1,"Роман с камнем",1349967825
566,566,1,"Кин-дза-дза!",1349967825
567,567,1,"Главная тайна республики ШКИД",1349967825
568,568,1,"Трио из Бельвилля",1349967825
569,569,1,"Рокеры",1349967825
570,570,1,"Ещё один день в раю",1349967825
571,571,1,"Трилогия Кацци (Коянискацци, Повакацци, Накойкацци)",1349967825
572,572,1,"Джек Восьмёркин-американец.",1349967825
573,573,1,"Поля сражений - Маньчжурия ,забытая Победа",1349967825
574,574,1,"Россия. Забытые годы. Гражданская война в России",1349967825
575,575,1,"Путешествие на край Вселенной",1349967825
576,576,1,"Дети Гитлера. Гитлерюгенд. (5 частей)",1349967825
577,577,1,"Война в лесах",1349967825
578,578,1,"Рожденные в СССР. 14 лет,  21 год",1349967825
579,579,1,"Проект Искатели.Славянские пирамиды",1349967825
580,580,1,"Бриллиантовая Рука",1349967825
581,581,1,"Анна-Монстр",1349967825
582,582,1,"В начале славных дел",1349967825
583,583,1,"Первая прямая трансляция HDTV из космоса",1349967825
584,584,1,"Большая перемена",1349967825
585,585,1,"Страх и трепет",1349967825
586,586,1,"Аэроплан 2. Продолжение",1349967825
587,587,1,"Управление Гневом",1349967825
588,588,1,"Фанфан - Тюльпан",1349967825
589,589,1,"Курочка ряба",1349967825
590,590,1,"Шерлок младший",1349967825
591,591,1,"Шестиструнный Самурай",1349967825
592,592,1,"Собачье Сердце ",1349967825
593,593,1,"Песнь тела",1349967825
594,594,1,"Запретные темы истории. Загадки Древнего Египта",1349967825
595,595,1,"Мальчик в полосатой пижаме",1349967825
596,596,1,"Храброе Сердце",1349967825
597,597,1,"Война",1349967825
598,598,1,"Брат",1349967825
599,599,1,"Брат 2",1349967825
600,600,1,"Монти Пайтон И Святой Грааль",1349967825
601,601,1,"Бразилия",1349967825
602,602,1,"Пролетая Над Гнездом Кукушки",1349967825
603,603,1,"Криминальное Чтиво",1349967825
604,604,1,"Отчаянный",1349967825
605,605,1,"Как я провел этим летом",1349967825
606,606,1,"Бешеные Псы",1349967825
607,607,1,"Цельнометаллическая Оболочка",1349967825
608,608,1,"Кодер",1349967825
609,609,1,"Беглецы",1349967825
610,610,1,"Хамелеон",1349967825
611,611,1,"Детектив Шафт",1349967825
612,612,1,"Мольер",1349967825
613,613,1,"Статский Советник ",1349967825
614,614,1,"Джентльмены Удачи",1349967825
615,615,1,"Сказ Про Федота-стрельца",1349967825
616,616,1,"Душка",1349967825
617,617,1,"Иллюзионист",1349967825
618,618,1,"Ни Поездов, Ни Самолетов",1349967825
619,619,1,"Галерея",1349967825
620,620,1,"Бакенбарды",1349967825
621,621,1,"Фонтан",1349967825
622,622,1,"Не думай про белых обезьян",1349967825
623,623,1,"Окно в Париж",1349967825
624,624,1,"Праздник Нептуна",1349967825
625,625,1,"Сталкер",1349967825
626,626,1,"Шведская история любви",1349967825
627,627,1,"Песни Со Второго Этажа",1349967825
628,628,1,"Ты, живущий",1349967825
629,629,1,"Весна, Лето, Осень, Зима... И Снова Весна",1349967825
630,630,1,"Чужая",1349967825
631,631,1,"Цирк сгорел и клоуны разбежались",1349967825
632,632,1,"Дом Солнца",1349967825
633,633,1,"Донни Браско",1349967825
634,634,1,"Мой друг Иван Лапшин",1349967825
635,635,1,"Эксперимент 2: Волна",1349967825
636,636,1,"Гадкие лебеди",1349967825
637,637,1,"И на камнях растут деревья",1349967825
638,638,1,"Исчезнувшая империя",1349967825
639,639,1,"Стать Джоном Ленноном",1349967825
640,640,1,"Легенды Риты",1349967825
641,641,1,"Пекло",1349967825
642,642,1,"Машина Времени",1349967825
643,643,1,"Наверное, Боги Сошли С Ума",1349967825
644,644,1,"Облако-рай",1349967825
645,645,1,"Розенкранц И Гильденстерн Мертвы",1349967825
646,646,1,"Безжалостные Люди",1349967825
647,647,1,"Замок",1349967825
648,648,1,"Процесс",1349967825
649,649,1,"Мастер и Маргарита",1349967825
650,650,1,"38-я Параллель",1349967825
651,651,1,"Кукушка",1349967825
652,652,1,"Закат",1349967825
653,653,1,"Штрафбат",1349967825
654,654,1,"Исаев",1349967825
655,655,1,"Броня России",1349967825
656,656,1,"Киллер",1446376168
657,657,1,"час пик 2",1349968077
658,658,1,"Тайны дворцовых переворотов",1434192105
659,659,1,"Груз",1399813366
660,660,1,"Большой куш",1469295711
661,661,1,"Карты, деньги, два ствола",1371313637
662,662,1,"Елизавета I",1371427707
663,663,1,"Мирные времена",1371427851
664,664,1,"Виктор Астафьев. Другая война",1471779288
665,665,1,"Халхин-Гол. Неизвестная война",1451632691
666,666,1,"Собака на сене",1473340341
668,668,1,"Моцарт, Дон Жуан, 2001",1371041951
669,669,1,"Don Giovanni,Verbier Festival Orchestra, 2009",1371041849
670,670,1,"Севильский цирюльник",1369751658
671,671,1,"Моцарт - Женитьба Фигаро (фильм-опера), ч.1",1380114181
672,672,1,"Изображая жертву",1370162176
673,673,1,"Евангелие от Матфея",1370162670
674,674,1,"Трудно быть Богом",1467644651
675,675,1,"Амадей",1371347533
676,676,1,"Часто задаваемые вопросы о путешествиях во времени",1443453489
677,677,1,"Капитан из Кёпеника / Сила мундира",1451579436
678,678,1,"Звезды русского авангарда",1370870954
679,679,1,"Европа",1370870120
680,680,1,"Танцующая в темноте",1451622710
681,681,1,"Заводной апельсин",1370954086
682,682,1,"Игры разума",1370870655
683,683,1,"Кабаре",1437920411
684,684,1,"О бедном гусаре замолвите слово",1369405719
685,685,1,"Осенний марафон",1369405878
686,686,1,"Метрополис",1369405100
687,687,1,"Аэлита: Королева Марса",1369405241
688,688,1,"Пунш из жжёного сахара",1451579597
689,689,1,"Величайшие шедевры мировой культуры",1451632487
691,691,1,"Русские страшилки",1371474963
692,692,1,"Мы - вундеркинды",1370953141
693,693,1,"Дрифтер",1451623167
694,694,1,"Аватар",1471779775
695,695,1,"Барышня и Хулиган",1471781061
696,696,1,"Вёселый год Маяковского",1451628978
697,697,1,"Телефонная будка",1371042811
698,698,1,"Дети Бога войны",1451622845
699,699,1,"Есенин",1360160990
700,700,1,"99 Франков",1415370730
702,702,1,"Аэроплан",1471779705
703,703,1,"Место встречи изменить нельзя",1452368357
704,704,1,"Сбрось маму с поезда",1405864003
705,705,1,"Субмарино",1451625589
706,706,1,"Жайме",1371428321
707,707,1,"13 роз",1371428281
708,708,1,"Луна 2112",1362579000
709,709,1,"ASIMO.Демонстрация возможностей робота-гуманоида АСИМО (ASIMO) от компании HONDA ",1378609176
711,711,1,"Путешествие на край Вселенной",1369213067
712,712,1,"Безмолвный Город",1370953836
713,713,1,"Бензоколонка",1370953665
714,714,1,"Поколение П",1458571433
715,715,1,"Самый грустный мальчик в мире",1451625859
716,716,1,"Учите английский",1472989208
717,717,1,"Приключения Буратино",1391230236
718,718,1,"Собеседование",1366984052
719,719,1,"Точка, стремящаяся к нулю",1370529801
720,720,1,"Гадюка",1370563781
721,721,1,"Большинство людей живут в Китае",1370563477
722,722,1,"Кавказская пленница",1483189013
723,723,1,"Операция Ы и другие приключения Шурика",1471782030
724,724,1,"Иван Васильевич меняет профессию",1371308163
725,725,1,"Бойцовский клуб",1371039384
727,727,1,"Дневной дозор",1379942937
728,728,1,"Турецкий гамбит",1371308278
729,729,1,"Афоня",1371300973
730,730,1,"Искатели приключений",1371300717
731,731,1,"Андрей Рублев",1470147475
732,732,1,"В джазе только девушки",1471781638
733,733,1,"Апокалипсис",1471779872
734,734,1,"Хоттабыч",1398525379
735,735,1,"Роман с камнем",1362229758
736,736,1,"Понедельник",1405001012
737,737,1,"Кин-дза-дза!",1446647699
738,738,1,"На игле",1371824756
739,739,1,"Копировальная контора / Ксерокс",1371301142
740,740,1,"Его новая работа",1371127729
741,741,1,"Я - киборг. Человек будущего. Какими мы станем",1378609914
742,742,1,"Мир нанотехнологий",1371128725
743,743,1,"Швамбранский адмирал. Лев Кассиль",1451629387
744,744,1,"Главная тайна республики ШКИД",1451629306
745,745,1,"Трио из Бельвилля",1371128984
746,746,1,"Моя семья и другие звери",1471759648
747,747,1,"День зарплаты",1371045716
748,748,1,"Рокеры",1396113795
749,749,1,"Ещё один день в раю",1371313355
750,750,1,"Джонни - Бешеный Пес",1371313106
751,751,1,"Метастазы",1371313428
752,752,1,"Qatsi, Трилогия Кацци (Коянискацци, Повакацци, Накойкацци)",1362240146
753,753,1,"Китаянка",1451624263
755,755,1,"Поля сражений - Маньчжурия ,забытая Победа",1451632548
756,756,1,"Живая история - 1956 год. Середина века. (12 серий)",1451633135
757,757,1,"Россия. Забытые годы. Гражданская война в России",1451633072
758,758,1,"Вместе",1371825051
759,759,1,"Тайны финской войны",1451632619
761,761,1,"С точки зрения науки: Смерть Солнца",1349968077
762,762,1,"Секретные истории. Последний день планеты",1349968077
763,763,1,"Дети Гитлера. Гитлерюгенд",1369563019
764,764,1,"Война в лесах",1349968077
765,765,1,"Армянский геноцид",1349968077
768,768,1,"Катание по Марсу",1349968077
769,769,1,"Рожденные в СССР",1371601166
770,770,1,"Четвёртая Мировая Война",1349968077
771,771,1,"Новосибирск. Город, где я.",1349968077
772,772,1,"Базирование на Луне",1349968077
773,773,1,"51-й штат",1414766529
775,775,1,"Войны стилей",1451633481
777,777,1,"BBC: Космос. Неизбежность",1369315150
778,778,1,"Десять каноэ",1349968077
779,779,1,"Скины",1371564383
781,781,1,"Луковый кинофильм",1371169399
782,782,1,"Реальный папа",1451625044
783,783,1,"Первое лунное поселение",1451631738
784,784,1,"Красный отель",1451624095
785,785,1,"Затоичи (Слепой Ичи)",1371129791
786,786,1,"Отстреливая собак",1349968077
787,787,1,"Ребята возвращаются",1349968077
788,788,1,"Чингисхан",1451629206
791,791,1,"Доктор Стрейнджлав",1371309570
792,792,1,"Мы из будущего",1451626395
793,793,1,"Мимино",1371310329
795,795,1,"Фантомас",1451623329
796,796,1,"Бриллиантовая Рука",1471780772
797,797,1,12,1451621588
798,798,1,"38-я параллель",1371263333
799,799,1,"Че: Часть первая. Аргентинец",1349968077
800,800,1,"Битва за Корею",1451632414
801,801,1,"Сталинград: Подлинная история",1451633417
802,802,1,"Первая Мировая Война в цвете",1451633369
803,803,1,"Триумф воли",1451626244
804,804,1,"Дом с привидениями",1349968077
806,806,1,"Золотой теленок",1369317074
807,807,1,"Александр Беляев. Бунт Ихтиандра",1349968077
808,808,1,"Искатель приключений",1371046645
809,809,1,"День развлечений",1371046007
810,810,1,"Раковина и священник",1371046223
811,811,1,"На Диком Западе",1371045515
812,812,1,"Бесценный доллар",1349968077
813,813,1,"Глобальный метал",1451631867
814,814,1,"Жаворонок",1451626550
815,815,1,"Пьеса для пассажира",1451624866
816,816,1,"Добро пожаловать, или Посторонним вход воспрещён",1420903609
818,818,1,"Анна-Монстр",1371081737
819,819,1,"Марикен из Ньюмейхен",1371081956
820,820,1,"Элкерлик",1451625255
821,821,1,"Северная Корея: день из жизни",1451624542
822,822,1,"Чуждые Земли",1371263291
823,823,1,"Апокалипсис: Вторая Мировая война",1451633254
824,824,1,"Бедный, бедный Павел",1370953072
825,825,1,"В начале славных дел",1471781544
826,826,1,"Первая прямая трансляция HDTV из космоса",1451631650
827,827,1,"Амели",1371262354
828,828,1,"Большая перемена",1369212729
829,829,1,"Куклы гарема Сегуна",1451624649
830,830,1,"Кто подставил Кролика Роджера",1363003794
831,831,1,"Пигмалион",1368968404
832,832,1,"Яков Лжец",1368968249
833,833,1,"Фанатик",1451623228
834,834,1,"Сумеречный самурай",1371040560
835,835,1,"Огнем и мечом",1460386075
836,836,1,"Юность Петра",1462716363
837,837,1,"Незнакомцы в поезде",1349968077
838,838,1,"Остров Даманский. 1969 год",1349968077
839,839,1,"Великая война",1451633300
840,840,1,"Новые времена",1371312780
841,841,1,"Республика Шкид",1371312937
842,842,1,"Смерть рабочего",1451625934
843,843,1,"Театральный роман",1369212433
844,844,1,"Безумие любви",1471780873
845,845,1,"Фараон",1358690929
846,846,1,"Играй как Бекхэм!",1362142768
847,847,1,"Шаги императора",1369212272
848,848,1,"Нежная Ирма",1440429153
849,849,1,"Рыбка по имени Ванда",1468333296
850,850,1,"Цветок 1001 ночи",1463497171
851,851,1,"Кентерберийские рассказы",1463325524
852,852,1,"Декамерон",1463242596
853,853,1,"Идиоты",1451623737
854,854,1,"Торжество. Догма №1",1451623458
855,855,1,"Пилат и другие - Фильм на Страстную пятницу",1371040987
856,856,1,"Собака на сене",1451625737
857,857,1,"Барри Линдон",1371003745
858,858,1,"Страх и трепет",1366982946
859,859,1,"Гидравлика",1371427929
860,860,1,"Холодное лето 53-го",1413111954
861,861,1,"Я не боюсь",1451626678
862,862,1,"Остров",1371309684
863,863,1,"Телефонная будка (2002)",1371042763
864,864,1,"Пираты Силиконовой долины",1434703312
865,865,1,"Рестлер",1371564726
866,866,1,"Шут",1371306526
868,868,1,"Звездный десант",1371039116
869,869,1,"Человек с поезда",1371774153
870,870,1,"Я",1371601349
871,871,1,"Пыль",1369494485
872,872,1,"12 Стульев",1474464359
873,873,1,"Семь нянек ",1431707370
874,874,1,"Аэроплан 2. Продолжение",1471779623
875,875,1,"Управление Гневом",1416667981
876,876,1,"Берегись автомобиля!",1371307805
877,877,1,"Экстази",1371262799
878,878,1,"Догма",1413468833
879,879,1,"Фанфан - Тюльпан",1467553636
880,880,1,"Фортуна",1371310283
881,881,1,"Курочка ряба",1371301912
883,883,1,"Шерлок младший",1483371451
884,884,1,"Шестиструнный самурай",1449408233
885,885,1,"Шпионы как мы",1371307580
886,886,1,"Плутовство (хвост виляет собакой)",1402155571
887,887,1,"Жмурки ",1467990816
888,888,1,"Собачье сердце ",1451582007
889,889,1,"Горячие Головы",1438008844
890,890,1,"Горячие Головы 2",1438179016
891,891,1,"Кровавый четверг",1444142987
892,892,1,"Игрушка",1466866899
893,893,1,"Барака",1371169117
894,894,1,"Песнь тела",1369142715
895,895,1,"Запретные темы истории. Загадки Древнего Египта",1451630934
896,896,1,"Мальчик в полосатой пижаме",1371564648
897,897,1,"Храброе сердце",1403441238
898,898,1,"Война",1471781717
899,899,1,"Брат",1467991765
900,900,1,"Брат 2",1471781132
901,901,1,"Монти Пайтон И Святой Грааль",1369573826
903,903,1,"Пролетая над гнездом кукушки",1371311541
904,904,1,"Криминальное Чтиво",1360431468
905,905,1,"Отчаянный",1371774412
906,906,1,"Как я провел этим летом",1451624042
907,907,1,"Бешеные псы",1371774532
908,908,1,"Цельнометаллическая оболочка",1369563295
909,909,1,"Кодер",1371042375
910,910,1,"Беглецы",1370708089
911,911,1,"Хамелеон",1370701266
912,912,1,"Детектив Шафт",1407060169
913,913,1,"Мольер",1472989441
914,914,1,"Статский советник ",1407060066
915,915,1,"Джентльмены удачи",1448807051
916,916,1,"Сказ про Федота-стрельца",1369486777
917,917,1,"Душка",1451625311
918,918,1,"Иллюзионист",1451625365
919,919,1,"Ни поездов, ни самолетов",1371686847
920,920,1,"Галерея",1371081800
921,921,1,"Бакенбарды",1371311651
922,922,1,"Фонтан",1371311704
923,923,1,"Не думай про белых обезьян",1461768557
924,924,1,"Окно в Париж",1371513437
925,925,1,"Праздник Нептуна",1371311757
926,926,1,"Сталкер",1488554236
927,927,1,"Шведская история любви",1356193120
928,928,1,"Песни со второго этажа",1417441172
929,929,1,"Ты, живущий",1371307027
930,930,1,"Весна, Лето, Осень, Зима... И Снова Весна",1371082462
931,931,1,"Чужая",1370529657
932,932,1,"Цирк сгорел и клоуны разбежались",1371301376
933,933,1,"Дом Солнца",1451622946
934,934,1,"Донни Браско",1435978040
935,935,1,"Мой друг Иван Лапшин",1373103284
936,936,1,"Эксперимент 2: Волна",1444573119
937,937,1,"Гадкие лебеди",1451623621
938,938,1,"И на камнях растут деревья",1362297925
939,939,1,"Исчезнувшая империя",1451623909
940,940,1,"Стать Джоном Ленноном",1451625797
941,941,1,"Легенды Риты",1371044707
942,942,1,"Пекло",1397046824
943,943,1,"Машина Времени",1349968077
944,944,1,"Наверное, Боги сошли с ума",1371168367
945,945,1,"Облако-рай",1371686916
946,946,1,"Розенкранц и Гильденстерн мертвы",1371307440
947,947,1,"Безжалостные Люди",1349968077
948,948,1,"Замок",1371168148
949,949,1,"Процесс",1349968077
950,950,1,"Мастер и Маргарита",1370953971
952,952,1,"Кукушка",1371263123
953,953,1,"Закат",1371306917
954,954,1,"Штрафбат",1451626102
955,955,1,"Исаев",1415098047
956,956,1,"Броня России",1359467063
958,958,1,"Штурм сознания. В поисках новой Земли",1371563962
959,959,1,"Россия 2045. Электронный мозг, Нейрогаджеты и хранилище сознания",1371564183
960,960,1,"Всятое семейство",1371515280
961,961,1,"Мисима: Жизнь в четырех главах",1371515167
962,962,1,"Фауст",1401110760
963,963,1,"71 фрагмент хронологии случайностей",1370909614
964,964,1,"Во Ху:Тайная Операция / Операция ""Крадущиеся тигры""",1441379948
965,965,1,"Абель",1370909675
966,966,1,"Новые сказки братьев Гримм",1395578531
967,967,1,"Три на три / 3x3",1350057903
968,968,1,"Гендель: Жизнь музыкального кумира",1451630470
969,969,1,"Партитуры не горят. Леопольд Моцарт",1451628914
970,970,1,"Петр Мамонов. Черным по белому",1451628838
972,972,1,"Алфавитный каталог",1490675507
973,973,1,"комедия",1352606402
974,974,1,"драма",1352606538
975,975,1,"биография",1352607014
976,976,1,"короткометражный",1352607169
977,977,1,"фантастика",1352607591
979,979,1,"Сен-Санс",1370529385
980,980,1,"Самсара",1356268634
981,981,1,"Особенности национальной охоты",1455462180
985,985,1,"трагикомедия",1353244023
986,986,1,"Курьер",1369563477
987,987,1,"Эрнст и свет",1451622057
988,988,1,"документальный",1353249852
989,989,1,"Энтони Берджесс. Механик апельсина",1471780685
990,990,1,"Песня Карлы",1451622277
1001,1001,1,"Монти Питон. Скетчи",1413706347
1005,1005,1,"Монти Питон. Анимация",1369572148
1012,1012,1,"Монти Питон. Сезоны",1371374138
1013,1013,1,"Чайковский",1371372500
1014,1014,1,"видеоклипы, музыкальное видео",1368871346
1016,1016,1,"Boccherini-Quintetto n. 4 G 448 - Fandango (III-parte II)",1368871268
1017,1017,1,Vivaldi,1371372758
1025,1025,1,Mozart,1370356806
1027,1027,1,"Гендель",1370952529
1029,1029,1,"Фредерик Шопен Вальс до # минор № 7",1354357117
1030,1030,1,"Бетховен. Ода к радости",1370529501
1032,1032,1,"Charles-Camille Saint-Saens. Danse macabre",1354357670
1034,1034,1,"Пахельбель, Иоганн - Канон ре мажор",1371348554
1036,1036,1,"Carmen. G.Bizet",1370618284
1037,1037,1,"Моцарт. Ария Дон Жуана ""Fin ch_han dal vino""",1463152366
1038,1038,1,"Россини",1444143831
1042,1042,1,"Моцарт - Женитьба Фигаро (фрагменты), Nozze_Paris",1463151958
1043,1043,1,"Гендель. Юлий Цезарь, опера, фрагменты",1462638128
1044,1044,1,"Альфонс Муха. Видение ""Нового искусства""",1451631609
1045,1045,1,"Жар-птица Ивана Билибина",1451631566
1048,1048,1,"Известная Вселенная",1370162015
1049,1049,1,"Вселенная глазами телескопа Хаббл",1451631146
1050,1050,1,"Пакт",1451624752
1051,1051,1,"Перекресток",1451624812
1053,1053,1,"Черная дыра",1370162469
1054,1054,1,"Начальник",1370162741
1055,1055,1,"история",1373096716
1059,1059,1,Psalteria,1389524362
1060,1060,1,Adicts,1371514463
1061,1061,1,"АлисА - Атеист",1368869876
1062,1062,1,"Alizee - Live in Amsterdam",1354954777
1063,1063,1,"Anti-flag - Death of a Nation",1368871198
1064,1064,1,"Apocalyptica - Path",1354955134
1065,1065,1,"The Adicts - Johnny Was A Soldier",1354955369
1066,1066,1,"The Adicts - Steamroller",1354955502
1067,1067,1,"The Adicts - Steamroller (live - 83)",1354955785
1068,1068,1,"The adicts - Viva la revolustion. Joker in the pack",1354956046
1069,1069,1,"Аквариум - Брод",1354956416
1070,1070,1,"Аквариум - Слова Растамана",1354956553
1071,1071,1,"Bad Religion - I Love My Computer",1368872463
1072,1072,1,"Beastie Boys - Body Movin",1354957123
1073,1073,1,"Beastie Boys - Root Down",1354957091
1074,1074,1,"Black Sabbath",1369315574
1080,1080,1,"Намедни. Наша Эра. 1961-2003",1356794289
1081,1081,1,"Лицедеи",1371373408
1083,1083,1,"мультипликация",1357825079
1084,1084,1,"Остров сокровищ",1369315234
1085,1085,1,"День рождения моего лучшего друга",1371042867
1086,1086,1,"Науменко Д. - PHP и CodeIgniter с нуля 2010",1414216217
1087,1087,1,"Чапурин Вл. Yii framework. Основной курс (akail.ru)",1368971956
1088,1088,1,"CMS Drupal Базовый курс",1367551306
1089,1089,1,"Не крутите ручку настройки",1361622253
1090,1090,1,"Хатха-йога",1416323085
1091,1091,1,"Йога для начинающих",1414216051
1092,1092,1,"Йоги",1361623285
1093,1093,1,"В.Давыдов и Голиаф",1431616253
1094,1094,1,"Проводник",1371348197
1095,1095,1,"Деликатесы",1408882487
1096,1096,1,"Не может быть",1430067332
1097,1097,1,"Орда",1371347917
1098,1098,1,"Великий диктатор",1371347859
1099,1099,1,"Любовь и честь",1412434803
1100,1100,1,"Скрытый клинок",1371347713
1101,1101,1,"Стрела. Абсолютное оружие (Война стрел)",1471779230
1102,1102,1,"Трое в пути",1366034428
1103,1103,1,"Одержимый самурай",1371040487
1104,1104,1,"Горная сакура",1451626798
1105,1105,1,"видеоуроки",1367550703
1106,1106,1,"видеоуроки, программирование",1367550687
1107,1107,1,"Фауст, Шарль Гуно",1413631114
1108,1108,1,"Спаситель",1368325524
1109,1109,1,"Сегодня увольнения не будет",1451625676
1110,1110,1,"Дети Сараево",1451623090
1111,1111,1,"In Extremo, videoclips",1368871579
1112,1112,1,"Гражданская оборона, видео",1371956810
1113,1113,1,"Янка Дягилева, видео",1371956632
1114,1114,1,"Шлюз, видеоклипы",1389518940
1115,1115,1,"Walls of Jericho",1398437351
1116,1116,1,Who,1371823179
1117,1117,1,"Berzerker, All_The_Things_She_Said",1369571551
1118,1118,1,"Rage against the machine",1368957084
1119,1119,1,Hatebreed-defeatist,1368957237
1120,1120,1,"Children of Bodom",1368957373
1121,1121,1,"Bloodhound Gang",1368957549
1122,1122,1,"Эксгибиционист",1369034880
1123,1123,1,"Kraftwerk,видеоклипы",1369142993
1124,1124,1,"Трофим, видеоклипы",1369143107
1125,1125,1,"Роботы",1381237870
1126,1126,1,"Японская война в цвете",1451630344
1127,1127,1,"10 каноэ",1369315045
1128,1128,1,Manowar,1369315897
1129,1129,1,SKA-P,1389519589
1130,1130,1,"Маша и Медведи-Любочка",1369316521
1131,1131,1,"КВН",1371513584
1132,1132,1,"Iron Maiden",1369494693
1133,1133,1,"Mucky pup",1369494812
1134,1134,1,"Napalm Death",1369495034
1135,1135,1,Obituary,1369495196
1136,1136,1,"Nancy Sinatra - These Boots Are Made for Walkin",1369563793
1137,1137,1,"The Passenger - Iggy Pop and The Stooges 70s",1369563904
1138,1138,1,"Sam The Sham and the Pharaohs",1369564075
1139,1139,1,"MOONSPELL - Opium (OFFICIAL VIDEO)",1369564164
1140,1140,1,Molotov,1369564240
1142,1142,1,"Siouxsie and the Banshees",1369564527
1143,1143,1,ELO,1369564606
1144,1144,1,"Пикник",1369564815
1145,1145,1,"Рой Андерсон, рекламные ролики",1369565070
1146,1146,1,Kreator,1370910026
1147,1147,1,"Brutal Truth",1369750172
1148,1148,1,"Бумбокс",1369750294
1149,1149,1,"Das Ich",1369750767
1150,1150,1,Gollbetty,1369750961
1151,1151,1,"System Of A Down",1369752126
1152,1152,1,"Robert Plant and The Strange Sensation",1370869055
1153,1153,1,"Ноль, ""Человек и кошка""",1370869325
1154,1154,1,"Ночные снайперы",1370869956
1155,1155,1,"Matisyahu - Youth",1370910120
1156,1156,1,"Iggy Pop and The Stooges, The Passenger",1370910285
1158,1158,1,"Шопен Вальс до минор 7",1413631392
1159,1159,1,"Roving Mars",1451630746
1160,1160,1,KMFDM,1371003104
1161,1161,1,"Living on the moon",1451632292
1162,1162,1,"Megadeth - Anarchy In The U.K.",1371129218
1163,1163,1,Va-Bank,1371129313
1164,1164,1,"No Doubt - Don`t Speak",1371262951
1165,1165,1,"Coroner. Absorbed",1371302023
1166,1166,1,"Время цыган",1371302931
1167,1167,1,"Охотничий домик",1371308578
1168,1168,1,"10 минут первого",1371311444
1169,1169,1,"Бунт Ихтиандра",1451628701
1170,1170,1,"XZ, концерт",1371312128
1171,1171,1,"Morcheeba - Rome Wasn't Built in a Day",1371312279
1172,1172,1,"Чёрный кофе",1371312573
1173,1173,1,BraAgas,1371372192
1174,1174,1,"Garmarna - Herr Mannelig",1371372635
1175,1175,1,"Tempus est Iocundum Codex Buranus",1371373049
1176,1176,1,"Жанна Д'Арк / The Messenger: The Story of Joan of Arc",1371374598
1177,1177,1,Alf,1371475225
1178,1178,1,Pushnoy,1371513684
1179,1179,1,"Трофимъ. Прибытие поезда",1451626322
1180,1180,1,Casualties,1371514580
1181,1181,1,"Dead Kennedys",1371514704
1182,1182,1,"Dusty Springfield - Spooky",1371514774
1183,1183,1,RAMONES,1371514948
1184,1184,1,"Nancy Sinatra - These Boots Are Made for Walkin",1371515039
1185,1185,1,"Liar Liar Castaways on Never Too Young",1371563686
1186,1186,1,funs,1371565022
1187,1187,1,"Диктатура мозга",1371687570
1188,1188,1,"Всемирный потоп как предчувствие",1451630249
1189,1189,1,Fleur,1371738217
1190,1190,1,"Башня Rowan",1371738685
1191,1191,1,"Jango Papagun",1371739019
1192,1192,1,Tartak,1371739112
1193,1193,1,ZDOB,1371822898
1194,1194,1,"Young Gods",1371823075
1195,1195,1,"Type ONegative - Black N1",1371823346
1196,1196,1,"Theatre of Tragedy, Mage",1371823437
1197,1197,1,"Tiamat - Teonanacatl",1371823553
1198,1198,1,Sepultura,1371907814
1199,1199,1,"Моцарт, Симфонии (Венский Филармонический, Карл Бём)",1444142556
1200,1200,1,"Дворцовые тени",1451625450
1201,1201,1,"Самсара (Рон Фрике)",1432388285
1202,1202,1,Sodom,1372776101
1203,1203,1,"Маски",1373120474
1204,1204,1,"medieval music",1414215650
1205,1205,1,funs,1380114727
1206,1206,1,"Санчо с ранчо",1380115207
1207,1207,1,"Королевство кривых зеркал",1380115743
1208,1208,1,"Sodom - History Of Depravity 1982-1995",1451630002
1209,1209,1,"Soulfly clips",1380117135
1210,1210,1,"Therion, clips",1380117248
1211,1211,1,"Вокруг смеха",1380633982
1212,1212,1,"Михайло Ломоносов",1381561780
1213,1213,1,"Тот самый Мюнхгаузен",1465054667
1214,1214,1,"Ночной дозор",1381632882
1215,1215,1,"Обливион",1414215274
1216,1216,1,"Формула любви",1460385216
1217,1217,1,"Злые улицы",1451624464
1218,1218,1,"Blade Loki",1414213756
1219,1219,1,KSU,1413764092
1220,1220,1,Maanam,1413733584
1221,1221,1,"Лаэртский",1413764467
1222,1222,1,"Liar Liar, Castaways on Never Too Young",1413733164
1223,1223,1,"Holy Moses",1413763918
1224,1224,1,Massacre,1414215972
1225,1225,1,"""Хвалите Господа с небес"", церковные песнопения",1440314887
1226,1226,1,"Таши Лама, мантра Vajrapani",1413630653
1228,1228,1,"Песнь Богородицы",1399797411
1229,1229,1,"Белая гвардия",1471780620
1230,1230,1,"Фаворит",1413295661
1231,1231,1,"Духless",1480238352
1232,1232,1,"Духless 2",1432129354
1233,1233,1,"Порох",1432129628
1234,1234,1,"Космический рейс",1451624178
1235,1235,1,"Зеркало для героя",1433248951
1236,1236,1,"Тарас Бульба",1471780520
1237,1237,1,"Грань будущего",1471780369
1238,1238,1,"Интерстеллар",1433250087
1239,1239,1,"Стартап",1438440438
1240,1240,1,"Здорово и Вечно",1451628580
1241,1241,1,"Дорога на Берлин",1438441395
1242,1242,1,"А зори здесь тихие",1471779172
1243,1243,1,"Шапка",1438442678
1244,1244,1,"Наши матери, наши отцы",1465831298
1245,1245,1,"Вавилон",1471781383
1246,1246,1,"Бальзак и портниха-китаяночка",1471780167
1247,1247,1,"Черное зеркало",1451578653
1248,1248,1,"Внутри девятого номера",1471781301
1249,1249,1,"Гордость третьей роты",1473771733
1250,1250,1,"Кунг Фьюри",1451579788
1251,1251,1,"Хроники будущего",1451580410
1252,1252,1,"Столкновение",1451580827
1253,1253,1,"Безжалостные люди",1471780029
1254,1254,1,"Ревизор",1469453946
1255,1255,1,"Рассказы",1466778044
1256,1256,1,"Как поссорился Иван Иванович с Иваном Никифоровичем",1469453740
1257,1257,1,"Обыкновенное чудо",1466780703
1258,1258,1,"Две стрелы. Детектив каменного века",1469453581
1259,1259,1,"Легкая жизнь",1466782107
1260,1260,1,"Я робкий...но я лечусь",1466782683
1261,1261,1,"Масяня",1468852717
1262,1262,1,"Математик и черт",1469289755
