entity_id,field_filename_value
4,Mr.McAllisters_Cigarette_Holder.avi
6,brazil_eng_rus.avi
6,"brazil_part_1.avi#brazil_part_1, edit version"
6,"brazil_part_2.avi#brazil_part_2, edit version"
8,"Popularmusik fran Vittula.mkv"
9,devushka_aki_k.avi
11,beregi_svoiu_kosynku.aki.avi
13,Dzhek_vosmerkin_amerikanec_1_[tfile.ru].avi
13,Dzhek_vosmerkin_amerikanec_2_[tfile.ru].avi
154,killer.avi
155,hour_2.avi
156,tainy_dvorcovih_perevorotov_film_1.avi
157,Cargo_2009_HDRip.avi
158,snatch.avi
159,lock.avi
160,"Elizabeth I - part 1.avi"
161,"Friedliche Zeiten.avi"
162,Victor.Astafyev.Drugaya.voyna.2010.DivX.TVRip.avi
163,Halhin.Gol.Neizvestnaja.vojna.2008.XviD.TVRip.avi
164,"El perro del hortelano.avi"
165,Handel_Julius_Caesar-1984_cut01.avi
166,"DON GIOVANNI Disc1.DVDrip.by_Galmuchet.avi"
167,Mozart_Giovanni_Verbier_2009.avi
168,Rossini-Il.barbiere.di.Siviglia.(1.iz.2).1989.DVDRip.avi
169,01_Nozze_Paris.avi
170,Izobrazaja.zertvu.Rus.DVDRip.by.gera.avi
171,"Il vangelo secondo Matteo.avi"
172,"Trudno bit bogom cd1.avi"
173,amadeus.avi
174,F.A.Q.About.Time.Travel.2009.HDTVRip.2xRUS.ENG.mkv
175,Der_Hauptmann_von_Kepenick.avi
176," Крученых.avi"
177,europa__DVDRip-AVC_1991.mkv
178,dancer_in_the_dark.mkv
179,"Clockwork Orange_1.46.avi"
180,Igri_razuma.avi
181,Cabaret.1972.avi
182," бедном гусаре замолвите слово - 1 серия.mkv"
183,Osenniy_marafon_DVDRip.avi
184,Metropolis.HDTVRip.1460.Syrmann.avi
185,Aelita(1924).avi
186,Die_Feuerzangenbowle.avi
187,film01_Giotto_Leonardo.avi
188,Trofim.(k.a.Pribitie.Poezda).1995.DVDRip.avi
189,russian_horror_stories_01.avi
190,wir_wunderkinder.avi
191,Drifter.2010.XviD.DVDRip.avi
192,Avatar.EXTENDED.2010.D.HDRip.V2.ELEKTRI4KA.avi
193,baryshnya_i_huligan.mp4
194," год Маяковского.avi"
195,La_cabina_dvdrip_1972.avi
196,Deti.boga.voyni.2006.DivX.SATRip.avi
197,esenin_e01.avi
198,99fr_BDRip_AVC_432p_fr.mkv
199,Hot_Shots_2.DVDRip_tfile.ru.avi
200,airplane.avi
201,"
		
		
		
		
	"
202,TrowMommaFromTheTrain.avi
203,Submarino.avi
204,Jaime.avi
205,"Las 13 rosas.avi"
206,Luna.2112.P.DVDRip.avi
207,ASIMO_HDTV_720p.wmv
208,Roboty.takie.pohozhije.na.ludey_[torrents.ru].avi
209,Puteshestvie.Na.Kray.Vselennoy.2008.DUAL.BDRip.XviD.AC3.-HELLYWOOD.avi
210,Bezmolvnyj_Gorod[torrents.ru].mov
211,Benzokolonka_[torrents.ru].avi
212,"Generation P.2011.DVDRip.720x304.SNS.avi"
213,"The Saddest Boy In The World (rus).avi"
214,La_methode_anglaise(2004)SATRip.avi
215,adv_buratino.avi
216,Recrutement(2000)SATRip.avi
217,"Point de fuite.avi"
218,Gaduka.avi
219,"Norsk - Folk Flest Bor I Kina (2002).avi"
220,kavkaz_1966.avi
221,shurik_1965.avi
222,ivan_vasilevich_menyaet_professiyu.avi
223,fight_club.mkv
224,the_butterfly_effect.avi
225,dn_dozor.avi
226,tur_gambit.avi
227,afonya.avi
228,Les.Aventuriers_DUB_[rutracker.org]_by_vasapel.avi
229,rublev-video_ts-02.ogv
230,jazz.ogv
231,apocalypto.avi
232,xottabych.avi
233,ROMANCING_STONE-001.avi
234,"Ponedelnik.Monday.2000.(DVDRip, Xvid, Rus).Lifemirror.avi"
235,kin-dza-dza1.ogv
236,trainsportting.ogv
237,Copy_Shop.avi
238,chaplin_his_new_job.avi
239,"
documental_future_human.flv
"
240,"
documental_nanotech.avi
"
241,"
documental_lev_kassil.avi
"
242,"
dokum_Glavnaya.tayna.respubliki.SHKID.2009.DivX.SATRip.avi
"
243,bellville.avi
244,"
my_family.mpg
"
245,"
chaplin_pay_day.avi
"
246,"Wassup Rockers.avi
"
247,"another_day_in_paradise.avi
"
248,"
johnny_mad_dog.avi
"
249,"
Metastaze_DVDRip.rus.avi
"
250,"Powaqqatsi.DvdRip.Xvid.avi
"
251,"
La Chinoise.avi
"
252,"
Dzhek_vosmerkin_amerikanec_1_[tfile.ru].avi
Dzhek_vosmerkin_amerikanec_2_[tfile.ru].avi
"
253,"2.avi
"
254,"
zhivaya_istoriya_1956-seredina_veka_[torrents.ru]
"
255,"4istoria[by_ALEXX].avi
"
256,Tillsammans.avi
257,"
Tainy_finskoy_voiny_[tfile.ru].avi
"
258,"
NG.Puteshestvie.Na.Kraj.Vselennoj.2008.RUS.BDRip.XviD.AC3.-HQ-ViDEO.avi
"
259,"
Smertb_Solnca.avi
"
260,"
Secretnie.Istorii.Poslednii.Den.Planetyi.2009.SATRip.avi
"
262,"DON GIOVANNI Disc1.DVDrip.by_Galmuchet.avi"
263," Крученых.avi"
264," бедном гусаре замолвите слово - 1 серия.mkv"
265," год Маяковского.avi"
266,La_methode_anglaise(2004)SATRip.avi
267,adv_buratino.avi
268,Recrutement(2000)SATRip.avi
269,"Point de fuite.avi"
270,Gaduka.avi
271,"Norsk - Folk Flest Bor I Kina (2002).avi"
272,kavkaz_1966.avi
273,shurik_1965.avi
274,ivan_vasilevich_menyaet_professiyu.avi
275,fight_club.mkv
276,the_butterfly_effect.avi
277,dn_dozor.avi
278,tur_gambit.avi
279,afonya.avi
280,Les.Aventuriers_DUB_[rutracker.org]_by_vasapel.avi
281,jazz.ogv
282,xottabych.avi
283,ROMANCING_STONE-001.avi
284,kin-dza-dza1.ogv
285,bellville.avi
286,"Wassup Rockers.avi
"
287,"another_day_in_paradise.avi
"
288,"Powaqqatsi.DvdRip.Xvid.avi
"
289,"2.avi
"
290,"4istoria[by_ALEXX].avi
"
292,"DON GIOVANNI Disc1.DVDrip.by_Galmuchet.avi"
293," Крученых.avi"
294," бедном гусаре замолвите слово "
295," год Маяковского.avi"
296,Puteshestvie.Na.Kray.Vselennoy.2008.DUAL.BDRip.XviD.AC3.-HE
297,La_methode_anglaise(2004)SATRip.avi
298,adv_buratino.avi
299,Recrutement(2000)SATRip.avi
300,"Point de fuite.avi"
301,Gaduka.avi
302,"Norsk - Folk Flest Bor I Kina ("
303,kavkaz_1966.avi
304,shurik_1965.avi
305,ivan_vasilevich_menyaet_professiyu.avi
306,fight_club.mkv
307,the_butterfly_effect.avi
308,dn_dozor.avi
309,tur_gambit.avi
310,afonya.avi
311,Les.Aventuriers_DUB_[rutracker.o
312,jazz.ogv
313,xottabych.avi
314,ROMANCING_STONE-001.avi
315,kin-dza-dza1.ogv
316,"
dokum_Glavnaya.tayna.respubliki.SHKID.2009.DivX.SATRip.avi"
317,bellville.avi
318,"Wassup Rockers.avi
"
319,"another_day_in_paradise.avi
"
320,Koyaanisqatsi.DvdRip.DivX.
321,"
Dzhek_vosmerkin_amerikanec_1_[tfile.ru].avi
Dzhek_vosmerki"
322,"1.avi
Batte"
323,"3istoria[by_ALEXX].avi
russia_the"
324,"
NG.Puteshestvie.Na.Kraj.Vselennoj.2008.RUS.BDRip.XviD.AC3."
325,"
Deti.gitlera.gitlerjugend.iskushenie.2000.XviD.SATRip.avi
"
326,"
Voina.v.lesah.(1.film.iz.2).2008.DivX.TVRip.Lem.avi
Voina."
327,"
Armyanskij.genotsid.avi
"
328,"
badaber.avi
"
329,sunshine.avi
330,"
Roving Mars  720р.mkv
"
331,21_
332,"
4_mirovaya_voina.avi
"
333,"
Gorod.gde.ya.Novosibirsk.2008.XviD.DVDRip..avi
"
334,"
Living_on_the_moon_[tfile.ru].mkv
"
335,"
51state_p1.avi
51state_p2.avi
"
336,"
Lozh_vo_imya_nauki.avi
"
337,"
Style Wars 1982.avi
"
338,"
Искатели. Славянские пирамиды.av"
339,"
BBC Космос, Неизбежность.avi
"
340,"
Ten Canoes.avi
"
341,"
RomperStomper.avi
"
342,"
Trainspotting.avi
"
343,"
The Onion Movie.avi
"
344,"
Realniy papa.avi
"
345,"
Pervoe.lunnoe.HDTVRip.avi
"
346,"
KRASNYY_OTEL.avi
"
347,"
Zatoichi.avi
"
348,"
Shooting Dogs.avi
"
349,"
Kids Return.avi
"
350,"
Genghis Khan.avi
"
351,"
Sid And Nancy.avi
"
352,"
neskolko.dney.iz.jizni.oblomova.avi
"
353,"
Dr Strangelove.avi
"
354,"
we_from_future.avi
"
355,"
mimino.vob
"
356,"
Fortuna.avi
"
357,"
Fantomas.avi
"
358,brilliantovaya_ruka.avi
359,"
12.avi
"
360,"

"
361,"
Chegevara.chast.pervaja.2008.P.DVDScr-INTERFILM.avi
"
362,"
Bitva za Koreyu.1-2 seriya[tfile.ru]torrent
"
363,"
Stalingrad
"
364,"
world_war_I_in_colour_[tfile.ru]
"
365,"
triumf_voli[tfile.ru].avi
"
366,"
The_Haunted_House.avi
"
367,"
turetskiy_gambit.avi
"
368,"
Zolotoy_telenok_DVDRip
"
369,"
Bunt Ihtiandra.Aleksandr Belyaev.avi
"
370,"
the_adventurer.avi
"
371,"
A_Days_Pleasure.avi
"
372,"
La_coquille_et_le_clergyman.avi
"
373,"
An_Eastern_Westerner.avi
"
374,"
dollar.avi
"
375,"
Global Metal rus.avi
"
376,"
zhavoronok.avi
"
377,"
Pyesa_dlya_passazhira.avi
"
378,"
dobro_pozhalovat_ili_postoronnim_vkhod_v.avi
"
379,"
home.mkv
"
380,anna_and_the_moods.avi
382,"
Elkerlyc.avi
"
383,"
North Korea - A Day in the Life
"
384,"
Alien Earth.avi
"
385,"
Apocalipse The Second World War
"
386,"
bednyy_bednyy_pavel.avi
"
387,"
v_nachale_slavnykh_del_part_1.avi
v_nachale_slavnykh_del_p"
388,"
Pervaja_prjamaya_transljatia_HDTV_ is_cosmosa_[tfile.ru].M"
389,"
Ameli.avi
"
390,"
Bolshaja peremena - 1.avi
Bolshaja peremena - 2.avi
Bolsha"
391,"
Ooku 1.avi
Ooku 2.avi
"
392,"
who_framed_roger_rabbit.avi
"
393,"
Pygmalion.avi
"
394,"
jakob_the_liar.avi
"
395,"
Fanatik.avi
"
396,"
Tasogare_Seibei.avi
"
397,"
Ogniem i Mieczem 1-2.avi
Ogniem i Mieczem 3-4.avi
"
398,"
yunost_petra_part_1.avi
yunost_petra_part_2.avi
"
399,"
strangers_on_a_train.avi
"
400,"
damanskii.avi
"
401,"
Kurskaja.duga.documental.su.avi
"
402,"
modern_times.avi
"
403,respublika_shkid.avi
404,"
Smert.Rabochego.2005.XviD.DVDRip.avi
"
405,Teatralnyj.roman.KP.2003.DVDRip.avi
406,"
Juana la Loca.avi
"
407,"
faraon.avi
"
408,"
Igraj.kak.Bekhem.2002.RUS.ENG.DVDRip.vicpryl.avi
"
409,"
shagi.imperatora.avi
"
410,"
Irma_la_Douce.avi
"
411,"
A_Fish_called_Wanda_CD1.avi
A_Fish_called_Wanda_CD2.avi
"
412,"
tcvetok.1001.nochi.1974_[torrents.ru].avi
"
413,"
racconti_di_canterbury_i.mp4
"
414,"
Il_Decameron_HDRip.avi
"
415,"
Idioterne.avi
"
416,"
festen.avi
"
417,"Pilatus Und Andere [1972].avi"
418,"
sobaka.na.sene.1.avi
sobaka.na.sene.2.avi
"
419,Barry_Lyndon.avi
420,"Fear and Trembling.avi"
421," Gidravlika_2010_DVDScr.avi "
422," holodnoe_leto_53.avi "
423," iam_not_scared.avi "
424," ostrov.avi "
425," phone_booth.avi "
426,"
 Piraty[1].Silikonovoy.Dolini.avi 
"
427," Restler.2008.L2.DVDScr_INTERFILM.avi "
428,shut.avi
429,"Sin Nombre.avi"
430," 
starship troopers.avi 
Starship Troopers.mkv
"
431," 
LHomme du Train.avi
"
432," Ya.avi "
433,dust.avi
434," 12_ch.avi "
435," 7_nyanek.avi "
436,"Airplane2.avi
"
437,angry_management.avi
438," BeregisAvtomobilya-.avi "
439,"  Ecstasy.avi "
440," dogma.avi "
441,fanfan_la_tulipe2003.avi
442," Fortuna_[tfile.ru]...avi "
443,Kurochka_Rjaba_[tfile.ru].avi
444," rat_race.avi "
445,Sherlock.Jr.avi
446,SixStringSamurai.avi
447," SpiesLikeUs.avi "
448,"wag_the_dog.avi "
449," zhmurki.avi "
450,dog_heart.avi
451," hot_shots.avi "
452," HotShots_Part_Deux.avi "
453," 
Thursday_1.avi
Thursday_2.avi
"
454," 
jouet_le.avi 
"
455," Baraka.mkv "
456,bodysong.avi
458,"DON GIOVANNI Disc1.DVDrip.by_Galmuchet.avi"
459," Крученых.avi"
460," бедном гусаре замолвите слово "
461," год Маяковского.avi"
462,La_methode_anglaise(2004)SATRip.avi
463,adv_buratino.avi
464,Recrutement(2000)SATRip.avi
465,"Point de fuite.avi"
466,Gaduka.avi
467,"Norsk - Folk Flest Bor I Kina ("
468,kavkaz_1966.avi
469,shurik_1965.avi
470,ivan_vasilevich_menyaet_professiyu.avi
471,fight_club.mkv
472,the_butterfly_effect.avi
473,dn_dozor.avi
474,tur_gambit.avi
475,afonya.avi
476,Les.Aventuriers_DUB_[rutracker.o
477,jazz.ogv
478,xottabych.avi
479,ROMANCING_STONE-001.avi
480,kin-dza-dza1.ogv
481,bellville.avi
482,"Wassup Rockers.avi
"
483,"another_day_in_paradise.avi
"
484,Koyaanisqatsi.DvdRip.DivX.
485,"1.avi
Batte"
486,"3istoria[by_ALEXX].avi
russia_the"
487,21_
488,brilliantovaya_ruka.avi
489,anna_and_the_moods.avi
490,"
Mariken_van_Nieumeghen.avi
"
491,"Fear and Trembling.avi"
492,"Airplane2.avi
"
493,angry_management.avi
494,fanfan_la_tulipe2003.avi
495,Kurochka_Rjaba_[tfile.ru].avi
496,Sherlock.Jr.avi
497,SixStringSamurai.avi
498,dog_heart.avi
499,bodysong.avi
501,"DON GIOVANNI Disc1.DVDrip.by_Galmuchet.avi"
502," Крученых.avi"
503," бедном гусаре замолвите слово "
504," год Маяковского.avi"
505,La_methode_anglaise(2004)SATRip.avi
506,adv_buratino.avi
507,Recrutement(2000)SATRip.avi
508,"Point de fuite.avi"
509,Gaduka.avi
510,"Norsk - Folk Flest Bor I Kina ("
511,kavkaz_1966.avi
512,shurik_1965.avi
513,ivan_vasilevich_menyaet_professiyu.avi
514,fight_club.mkv
515,the_butterfly_effect.avi
516,dn_dozor.avi
517,tur_gambit.avi
518,afonya.avi
519,Les.Aventuriers_DUB_[rutracker.o
520,jazz.ogv
521,xottabych.avi
522,ROMANCING_STONE-001.avi
523,kin-dza-dza1.ogv
524,bellville.avi
525,"Wassup Rockers.avi
"
526,"another_day_in_paradise.avi
"
527,Koyaanisqatsi.DvdRip.DivX.
528,"1.avi
Batte"
529,"3istoria[by_ALEXX].avi
russia_the"
530,21_
531,brilliantovaya_ruka.avi
532,anna_and_the_moods.avi
533,"Fear and Trembling.avi"
534,"Airplane2.avi
"
535,angry_management.avi
536,fanfan_la_tulipe2003.avi
537,Kurochka_Rjaba_[tfile.ru].avi
538,Sherlock.Jr.avi
539,SixStringSamurai.avi
540,dog_heart.avi
541,bodysong.avi
543,"DON GIOVANNI Disc1.DVDrip.by_Galmuchet.avi"
544," Крученых.avi"
545," бедном гусаре замолвите слово"
546," год Маяковского.avi"
547,Puteshestvie.Na.Kray.Vselennoy.2008.DUAL.BDRip.XviD.AC3.-H
548,La_methode_anglaise(2004)SATRip.avi
549,adv_buratino.avi
550,Recrutement(2000)SATRip.avi
551,"Point de fuite.avi"
552,Gaduka.avi
553,"Norsk - Folk Flest Bor I Kina "
554,kavkaz_1966.avi
555,shurik_1965.avi
556,ivan_vasilevich_menyaet_professiyu.avi
557,fight_club.mkv
558,the_butterfly_effect.avi
559,dn_dozor.avi
560,tur_gambit.avi
561,afonya.avi
562,Les.Aventuriers_DUB_[rutracker.
563,jazz.ogv
564,xottabych.avi
565,ROMANCING_STONE-001.avi
566,kin-dza-dza1.ogv
567,"
dokum_Glavnaya.tayna.respubliki.SHKID.2009.DivX.SATRip.av"
568,bellville.avi
569,"Wassup Rockers.avi
"
570,"another_day_in_paradise.avi
"
571,Koyaanisqatsi.DvdRip.DivX
572,"
Dzhek_vosmerkin_amerikanec_1_[tfile.ru].avi
Dzhek_vosmerk"
573,"1.avi
Batt"
574,"3istoria[by_ALEXX].avi
russia_th"
575,"
NG.Puteshestvie.Na.Kraj.Vselennoj.2008.RUS.BDRip.XviD.AC3"
576,"
Deti.gitlera.gitlerjugend.iskushenie.2000.XviD.SATRip.avi"
577,"
Voina.v.lesah.(1.film.iz.2).2008.DivX.TVRip.Lem.avi
Voina"
578,21
579,"
Искатели. Славянские пирамиды.a"
580,brilliantovaya_ruka.avi
581,anna_and_the_moods.avi
582,"
v_nachale_slavnykh_del_part_1.avi
v_nachale_slavnykh_del_"
583,"
Pervaja_prjamaya_transljatia_HDTV_ is_cosmosa_[tfile.ru]."
584,"
Bolshaja peremena - 1.avi
Bolshaja peremena - 2.avi
Bolsh"
585,"Fear and Trembling.avi"
586,"Airplane2.avi
"
587,angry_management.avi
588,fanfan_la_tulipe2003.avi
589,Kurochka_Rjaba_[tfile.ru].avi
590,Sherlock.Jr.avi
591,SixStringSamurai.avi
592,dog_heart.avi
593,bodysong.avi
594," 
1 Тайны семи пирамид.avi
2 Вечный "
595,"
 Malchik.v.polosatoj.pizhame.2008.P.DVDRip.KINODOME.[unio"
596," brave_heart "
597," balabanov_voina.avi "
598," brat1  "
599," brat 2  "
600,monty_python_and_the_holy_gra
601,brazil_eng_rus.avi
602," OneFlewOverTheCokoosNest "
603," 
pulp fiction 1.avi
pulp fiction 2.avi
"
604," tarantino_desperado "
605,"
Kak.ja.provjol.etim.letom.2010.O.DVDRip.ELEKTRI4KA.[union"
606,"
ReservoirDogs.avi
"
607,"
FullMetalJacket1.avi
FullMetalJacket.avi
"
608,Cypher_2002_[rutracker.org].avi
609,"
Fugitives.avi
"
610,"
Le_Placard.avi
"
611,"
SHAFT.divx
"
612,Moliere.avi
613,"
STATSKY_SOVETNIK_[tfile.ru].avi
"
614,"
DzhentelmenyUdachi.avi
"
615,fedot_2002.avi
616,"
duska.avi
"
617,"
illusionist_de.avi
"
618,"
no_trains_no_planes.avi
"
619,The_Gallery.avi
620,bakenbardy.avi
621,"
Fontan.avi
"
622,"Ne dumay pro belyh obezyan.avi"
623,Okno_v_Parizh.avi
624,Prazdnik_Neptuna.avi
625,"
Stalker.avi
"
626,Karlekshistoria_En.avi
627,Pesni_so_vtorogo_etaja__tfile.ru_.avi
628,you_the_living.avi
629,"
Bom yeoreum gaeul gyeoul geurigo bom.avi
"
630,"
Chuzhaja.2010.O.DVDRip.ELEKTRI4KA.[uniongang.tv].avi
"
631,tsirk_sgorel_i_klouny_razbezhalis.avi
632,"
Dom_Solnca.avi
"
633,"
donnie_brasco.avi
"
634,"
drug_lapshin.avi
"
635,Eksperiment-2.2008.P.DVDRip_INTERFILM.avi
636,"
Gadkie.lebedi.avi
"
637,"
I na kamnyah rastut derevya.avi
"
638,"
ischeznuvshaya_imperiya.avi
"
639,"
Stat.Dzhonom.Lennonom.1400.2009.HDRip.avi
"
640,"
Stille_nach_dem_Schub_Die.avi
"
641,"
sunshine.avi
"
642,"
time_machine.avi
"
643,"
gods.avi
"
644,"
oblakoray.avi
"
645,rozen.avi
646,"
Ruthless People.avi
"
647,"
The Castle.avi
"
648,"
The Trial.avi
"
649,Master_i_Margarita_1994.avi
650,"
38-ya.paralel.[tfile.ru].avi
"
651,"
kukushka.avi
"
652,"
untergang.der.avi
"
653,"
schtrafbat_part10.avi
schtrafbat_part11.avi
schtrafbat_pa"
654,isaev_s01e01.avi
655,"
Bronya.Rossii.(10.serii.iz.10).2009.DivX.DVDRip_Kinozal.T"
657,hour_2.avi
661,lock.avi
661,Lock.Stock.and.Two.Smoking.Barrels.1998.BDRip.720p.mkv
662,"Elizabeth I - part 1.avi"
662,"Elizabeth I - part 2.avi"
663,"Friedliche Zeiten.avi"
668,"don giovanni 1/DON GIOVANNI Disc1.DVDrip.by_Galmuchet.avi"
668,"don giovanni 2/DON GIOVANNI Disc 2.DVDrip.by_Galmuchet.avi"
669,Mozart_Giovanni_Verbier_2009.avi
670,Rossini-Il.barbiere.di.Siviglia.(1.iz.2).1989.DVDRip.avi
670,Rossini-Il.barbiere.di.Siviglia.(2.iz.2).1989.DVDRip.avi
671,"Фильм-опера Женитьба Фигаро 1976 год (часть 1)..flv"
672,Izobrazaja.zertvu.Rus.DVDRip.by.gera.avi
673,"Il vangelo secondo Matteo.avi"
675,amadeus.avi
675,"Amadeus (Directors Cut)_[rutracker.org]/Amadeus (Directors Cut)_[rutracker.org].avi"
678,"Алексей Крученых.avi"
678,"Василий Каменский.avi"
678,"Велимир Хлебников.avi"
678,"Елена Гуро.avi"
678,"Многоликий Ильязд. Илья Зданевич.avi"
678,"Николай Кульбин.avi"
678,"Президент флюидов. Игорь Терентьев.avi"
678,"Расширенное смотрение Михаила Матюшина.avi"
679,europa__DVDRip-AVC_1991.mkv
681,"Clockwork Orange_1.46.avi"
682,Igri_razuma.avi
684,"О бедном гусаре замолвите слово - 1 серия.mkv"
684,"О бедном гусаре замолвите слово - 2 серия.mkv"
685,Osenniy_marafon_DVDRip.avi
686,Metropolis.HDTVRip.1460.Syrmann.avi
687,Aelita(1924).avi
691,"russian_horror_stories_01.avi#Гвоздь программы"
691,"russian_horror_stories_02.avi#Йети со свалки"
691,"russian_horror_stories_03.avi#Зомби-угонщики"
691,"russian_horror_stories_04.avi#Свинья-оборотень"
691,"russian_horror_stories_05.avi#Чудеса за забром"
691,"russian_horror_stories_06.avi#Загибалово и его обитатели"
691,"russian_horror_stories_07.avi#Жар-птицы, гномы и гиганские черви"
691,"russian_horror_stories_08.avi#Возвращение из Зоны"
691,"russian_horror_stories_09.avi#Домовой-алкоголик"
691,"russian_horror_stories_10.avi#Добрая няня"
691,"russian_horror_stories_11.avi#Братец клон"
691,"russian_horror_stories_12.avi#Пришельцы у ручья"
691,"russian_horror_stories_13.avi#Сиятельные кости"
691,"russian_horror_stories_14.avi#Отходы из Мексики"
691,"russian_horror_stories_15.avi#Картины-фантомы"
691,"russian_horror_stories_16.avi#Город счастья"
691,"russian_horror_stories_17.avi#Ведьмак из Блерово"
691,"russian_horror_stories_18.avi#Суйский овал"
692,wir_wunderkinder.avi
697,La_cabina_dvdrip_1972.avi
699,esenin_e01.avi
699,esenin_e02.avi
699,esenin_e03.avi
699,esenin_e04.avi
699,esenin_e05.avi
699,esenin_e06.avi
699,esenin_e07.avi
699,esenin_e08.avi
699,esenin_e09.avi
699,esenin_e10.avi
699,esenin_e11.avi
706,Jaime.avi
707,"Las 13 rosas.avi"
708,Luna.2112.P.DVDRip.avi
709,ASIMO_HDTV_720p.wmv
711,Puteshestvie.Na.Kray.Vselennoy.2008.DUAL.BDRip.XviD.AC3.-HELLYWOOD.avi
712,Bezmolvnyj_Gorod[torrents.ru].mov
713,Benzokolonka_[torrents.ru].avi
718,Recrutement(2000)SATRip.avi
719,"Point de fuite.avi"
720,Gaduka.avi
721,"Norsk - Folk Flest Bor I Kina (2002).avi"
724,ivan_vasilevich_menyaet_professiyu.avi
725,fight_club.mkv
727,dn_dozor.avi
728,tur_gambit.avi
729,afonya.avi
730,Les.Aventuriers_DUB_[rutracker.org]_by_vasapel.avi
735,ROMANCING_STONE-001.avi
738,trainsportting.ogv
739,Copy_Shop.avi
740,chaplin_his_new_job.avi
741,documental_future_human.flv
742,documental_nanotech.avi
745,Les_Triplettes_de_Belleville.avi
747,chaplin_pay_day.avi
749,another_day_in_paradise.avi
750,johnny_mad_dog.avi
751,Metastaze_DVDRip.rus.avi
752,Koyaanisqatsi.DvdRip.DivX.avi
752,Naqoyqatsi.DvdRip.Xvid.avi
752,Powaqqatsi.DvdRip.Xvid.avi
758,Tillsammans.avi
761,"
Smertb_Solnca.avi
"
762,"
Secretnie.Istorii.Poslednii.Den.Planetyi.2009.SATRip.avi
"
763,Deti.gitlera.gitlerjugend.iskushenie.2000.XviD.SATRip.avi
763,"Deti.gitlera.gitlerjugend.sojuz nemeckih devushek.2000.XviD.SATRip.avi"
763,Deti.gitlera.gitlerjugend.vojna.2000.XviD.SATRip.avi
763,Deti.gitlera.gitlerjugend.vospitanie.novogo.pokolenija.2000.DivX.SATRip.avi
764,"
Voina.v.lesah.(1.film.iz.2).2008.DivX.TVRip.Lem.avi
Voina"
765,"
Armyanskij.genotsid.avi
"
768,"
Roving Mars  720р.mkv
"
769,"Рожденные_в_СССР_28лет_ч.1.avi"
769,"Рожденные_в_СССР_28лет_ч.2.avi"
769,14.avi
769,21_1.avi
769,21_2.avi
770,"
4_mirovaya_voina.avi
"
771,"
Gorod.gde.ya.Novosibirsk.2008.XviD.DVDRip..avi
"
772,"
Living_on_the_moon_[tfile.ru].mkv
"
777,"BBC Космос, Неизбежность.avi"
778,"
Ten Canoes.avi
"
779,Skini.Romper.Stomper.avi
781,"The Onion Movie.avi"
785,Zatoichi.avi
786,"
Shooting Dogs.avi
"
787,"
Kids Return.avi
"
791,"Dr Strangelove.avi"
793,mimino.vob
798,38-ya.paralel.[tfile.ru].avi
799,"
Chegevara.chast.pervaja.2008.P.DVDScr-INTERFILM.avi
"
804,"
The_Haunted_House.avi
"
806,01_Zolotoy_telenok_DVDRip.avi
806,02_Zolotoy_telenok_DVDRip.avi
807,"
Bunt Ihtiandra.Aleksandr Belyaev.avi
"
808,the_adventurer.avi
809,A_Days_Pleasure.avi
810,La_coquille_et_le_clergyman.avi
811,An_Eastern_Westerner.avi
812,"
dollar.avi
"
818,Anna-and-the-Moods/anna_and_the_moods.avi
819,Mariken_van_Nieumeghen.avi
822,"Alien Earth.avi"
824,bednyy_bednyy_pavel.avi
827,Ameli.avi
828,"Bolshaja peremena - 1.avi"
828,"Bolshaja peremena - 2.avi"
828,"Bolshaja peremena - 3.avi"
828,"Bolshaja peremena - 4.avi"
830,who_framed_roger_rabbit.avi
831,Pygmalion.avi
832,jakob_the_liar.avi
834,Tasogare_Seibei.avi
837,"
strangers_on_a_train.avi
"
838,"
damanskii.avi
"
840,modern_times.avi
841,respublika_shkid.avi
843,Teatralnyj.roman.KP.2003.DVDRip.avi
845,faraon.avi
846,Igraj.kak.Bekhem.2002.RUS.ENG.DVDRip.vicpryl.avi
847,shagi.imperatora.avi
855,"Pilatus Und Andere [1972].avi"
857,"Barry Lyndon.avi"
858,"Fear and Trembling.avi"
859,"Gidravlika_2010_DVDScr.avi "
862,"ostrov.avi "
863,phone_booth.avi
865,"Restler.2008.L2.DVDScr_INTERFILM.avi "
866,shut.avi
868,"starship troopers.avi"
868,"Starship Troopers.mkv"
869,"LHomme du Train.avi"
870,Ya.avi
871,dust.avi
876,BeregisAvtomobilya-.avi
877,"Ecstasy.avi "
880,Fortuna_[tfile.ru]...avi
881,Kurochka_Rjaba_[tfile.ru].avi
885,SpiesLikeUs.avi
893,Baraka.mkv
894,Bodysong.avi
896,Malchik.v.polosatoj.pizhame.2008.P.DVDRip.KINODOME.[uniongang.ru].avi
901,monty_python_and_the_holy_grail.avi
903,OneFlewOverTheCokoosNest1.avi
903,OneFlewOverTheCokoosNest2.avi
903,"One Flew Over The Cuckoos Nest.mkv"
904,"pulp fiction 1.avi"
904,"pulp fiction 2.avi"
905,DESPERADO.AVI
907,ReservoirDogs.avi
908,"Цельнометаллическая оболочка.avi"
909,Cypher_2002_[rutracker.org].avi
910,Fugitives.avi
911,Le_Placard.avi
916,fedot_2002.avi
919,no_trains_no_planes.avi
920,The_Gallery.avi
921,bakenbardy.avi
922,Fontan.avi
924,Okno_v_Parizh.avi
925,Prazdnik_Neptuna.avi
927,Karlekshistoria_En.avi
929,you_the_living.avi
930,"Bom yeoreum gaeul gyeoul geurigo bom.avi"
931,Chuzhaja.2010.O.DVDRip.ELEKTRI4KA.[uniongang.tv].avi
932,tsirk_sgorel_i_klouny_razbezhalis.avi
935,drug_lapshin.avi
938,"I na kamnyah rastut derevya.avi"
941,Stille_nach_dem_Schub_Die.avi
943,"
time_machine.avi
"
944,gods.avi
945,oblakoray.avi
946,rozen.avi
947,"
Ruthless People.avi
"
948,"The Castle.avi"
949,"
The Trial.avi
"
950,Master.i.Margarita.2011.O.DVDRip.avi
952,kukushka.avi
953,untergang.der.avi
956,Bronya.Rossii.01.seriya.iz.10.2009.DivX.DVDRip_Kinozal.TV.avi
956,Bronya.Rossii.02.seriya.iz.10.2009.DivX.DVDRip_Kinozal.TV.avi
956,Bronya.Rossii.03.seriya.iz.10.2009.DivX.DVDRip_Kinozal.TV.avi
956,Bronya.Rossii.04.seriya.iz.10.2009.DivX.DVDRip_Kinozal.TV.avi
956,Bronya.Rossii.05.seriya.iz.10.2009.DivX.DVDRip_Kinozal.TV.avi
956,Bronya.Rossii.06.seriya.iz.10.2009.DivX.DVDRip_Kinozal.TV.avi
956,Bronya.Rossii.07.seriya.iz.10.2009.DivX.DVDRip_Kinozal.TV.avi
956,Bronya.Rossii.08.seriya.iz.10.2009.DivX.DVDRip_Kinozal.TV.avi
956,Bronya.Rossii.09.seriya.iz.10.2009.DivX.DVDRip_Kinozal.TV.avi
956,Bronya.Rossii.10.seriya.iz.10.2009.DivX.DVDRip_Kinozal.TV.avi
958,"Штурм сознания. В поисках новой Земли.flv"
959,"Электронный мозг, Нейрогаджеты и хранилище сознания.flv"
960,"The Wholly Family.avi"
961,Mishima.1985.Paul.Schrader.DVDRip.rus.orig.dir.avi
963,"71 Fragmente.avi"
965,Abel.avi
967,"#3x3 (Portugal 2009, Nuno Rocha).avi"
979,"Saint Saens Danza Macabra Op. 40.mp4#Danza Macabra Op. 40"
979,"Charles-Camille Saint-Saens. Danse macabre.flv"
979,"К.Сен-Санс - Карнавал животных - Финал.avi.flv"
980,Samsara.avi
986,Courier.1986.DVDRip.Xvid.AC3-Zombie.Lee.avi
1005,"mult_bomb_MPFC.Season-4.(1974)_4.03.XviD.DVDRip.[rus.eng]_weconty.avi#бомбы"
1005,"mult_odisseya_2001_MPFC-3.12.XviD.DVDRip.[rus.eng]_weconty.avi#Одиссея"
1005,"mult_exibition_MPFZ-1.1971.XviD.DVDRip.[rus.eng]_weconty.avi#эксгибиционист"
1005,"mult_opera_MPFC-4.06.XviD.DVDRip.[rus.eng]_weconty.avi#опера"
1005,"mult_hand.MPFC-2.03.XviD.DVDRip.[rus.eng]_weconty.avi#руки"
1012,MPFC.Season-1.(1969-1970)/MPFC-1.05.XviD.DVDRip.[rus.eng]_weconty.avi#1.05
1012,MPFC-1.06.XviD.DVDRip.[rus.eng]_weconty.avi#1.06
1012,MPFC.Season-1.(1969-1970)/0.MPFC-1.08.XviD.DVDRip.[rus.eng]_weconty.avi#1.08
1012,MPFC.Season-1.(1969-1970)/MPFC-1.09.XviD.DVDRip.[rus.eng]_weconty.avi#1.09
1012,MPFC.Season-1.(1969-1970)/butik_MPFC-1.11.XviD.DVDRip.[rus.eng]_weconty.avi#1.11
1012,MPFC.Season-2.(1970)/1.MPFC-2.06.XviD.DVDRip.[rus.eng]_weconty.avi#2.06
1012,MPFC.Season-2.(1970)/1.MPFC-2.09.XviD.DVDRip.[rus.eng]_weconty.avi#2.09
1012,MPFC.Season-2.(1970)/1.MPFC-2.10.XviD.DVDRip.[rus.eng]_weconty.avi#2.10
1012,MPFC.Season-2.(1970)/1.MPFC-2.11.XviD.DVDRip.[rus.eng]_weconty.avi#2.11
1012,MPFC.Season-2.(1970)/1.MPFC-2.12.XviD.DVDRip.[rus.eng]_weconty.avi#2.12
1012,MPFC.Season-3.(1971-1973)/1.MPFC-3.11.XviD.DVDRip.[rus.eng]_weconty.avi#3.011
1012,MPFC.Season-3.(1971-1973)/1.MPFC-3.09.XviD.DVDRip.[rus.eng]_weconty.avi#3.09
1012,MPFC.Season-3.(1971-1973)/1.MPFC-3.06.XviD.DVDRip.[rus.eng]_weconty.avi#3.06
1012,MPFC.Season-3.(1971-1973)/1.MPFC-3.05.XviD.DVDRip.[rus.eng]_weconty.avi#3.05
1012,"MPFZ.The.German.Programmes.(1971-1972)/MPFZ-2.1972.XviD.DVDRip.[rus.eng]_weconty.avi#Немецкие программы (1971-1972)"
1013,"Чайковский. Мазурка. Гнесинские виртуозы.flv"
1013,"P. I. Tchaikovsky - Serenade for Strings in C major, Op. 48 (Fedoseyev).flv"
1016,"Boccherini-Quintetto n. 4 G 448 - Fandango (III-parte II).flv"
1017,"V/Vivaldi/A. Vivaldi - Concerto No. 10 for 4-violin in B minor (RV 580).mp4"
1017,"V/Vivaldi/Antonio Vivaldi La Stravaganza Concerto No.2 RV.279.flv"
1017,"V/Vivaldi/Antonio Vivaldi - Summer from four seasons.flv"
1017,"V/Vivaldi/Vivaldi - Four Seasons (Winter).flv"
1017,"G/Winter, by Shaham Gil.mpg"
1025,"Mozart - Requiem.flv#Requiem"
1025,"Mozart - Rondo alla turca.flv#Rondo alla turca"
1025,"W. A. Mozart - Symphony № 20, K. 133.mp4#Symphony № 20, K. 133"
1025,"Моцарт - Симфонія №25.flv#Симфонія №25"
1025,"В.А.Моцарт-Маленькая ночная серенада-рондо.flv#Маленькая ночная серенада-рондо"
1025,"Моцарт. Симфония № 40  Mozart - Symphony No. 40.mp4#Симфония № 40  Mozart - Symphony No. 40"
1027,"Гендель. Соната ля-минор, ч4 (флейта и клавесин).flv#Соната ля-минор, ч4 (флейта и клавесин)"
1027,"Handel - Rodelinda - Bolton - 1xDVD_001.mov#Rodelinda"
1027,"Handel - Water music - English Baroque Festival.flv"
1029,"Фредерик Шопен Вальс до минор 7.flv"
1030,"Симфония №9 «Ода к радости» - Л.В.Бетховен.flv"
1032,"Charles-Camille Saint-Saens. Danse macabre.flv"
1034,"Johann Pachelbel (Иоганн Пахельбель) - Канон ре мажор.mp4"
1034,"Paсhelbel Canon In D Ensemble Vdohnovenjie.mp4"
1036,"G.Bizet - Carmen.avi"
1048,"Known_Universe_Ot_atoma_do_kosmosa_2009_SATRip.avi#От атома до космоса"
1048,"2.Known_Universe_Vzruvoopasnuy_kosmos.avi#Взрывоопасный космос"
1048,"NatGeo_Known_Universe_C_kocmichecko_ckoroctju.avi#С космической скоростью"
1053,chernaya_dyra.MP4
1054,nachalnik.MP4
1060,"Adicts - Chinese TakeAway.flv"
1060,"The Adicts - Johnny Was A Soldier.flv"
1060,"The Adicts - Steamroller.flv"
1060,"The Adicts - Steamroller (live - 83) [1115].flv"
1060,"The adictsviva la revolustionjoker in the pack.flv"
1061,alisa.mpg
1062,"Alizee - Live in Amsterdam.mpg"
1063,anti-flag.flv
1064,"Apocalyptica - Path.mpg"
1065,"The Adicts - Johnny Was A Soldier.flv"
1066,"The Adicts - Steamroller.flv"
1067,"The Adicts - Steamroller (live - 83) [1115].flv"
1068,"The adictsviva la revolustionjoker in the pack.flv"
1069,"Аквариум-Брод.flv"
1070,"Аквариум - Слова Растамана.flv"
1071,"Bad Religion - I Love My Computer.flv"
1072,"Beastie Boys_Body Movin.avi"
1073,"Beastie Boys_Root Down.avi"
1074,"Black Sabbath.avi"
1074,"Black Sabbath - Children Of The Grave (Live).mpg"
1074,Black_Sabbath_-_Iron_Man.mpeg
1074,"Black Sabbath - N.I.B.avi"
1074,"Black Sabbath - Never Say Die.mpg"
1074,"BLACK SABBATH - Paranoid  (1970).MPG"
1074,"Sabbath Bloody Sabbath.avi"
1080,Namedni.Nasha.Era.E01.1961.DVDRip.x264-HTB.mkv
1080,Namedni.Nasha.Era.E02.1962.DVDRip.x264-HTB.mkv
1080,Namedni.Nasha.Era.E03.1963.DVDRip.x264-HTB.mkv
1080,Namedni.Nasha.Era.E04.1964.DVDRip.x264-HTB.mkv
1080,Namedni.Nasha.Era.E05.1965.DVDRip.x264-HTB.mkv
1080,Namedni.Nasha.Era.E06.1966.DVDRip.x264-HTB.mkv
1080,Namedni.Nasha.Era.E07.1967.DVDRip.x264-HTB.mkv
1080,Namedni.Nasha.Era.E08.1968.DVDRip.x264-HTB.mkv
1080,Namedni.Nasha.Era.E09.1969.DVDRip.x264-HTB.mkv
1080,Namedni.Nasha.Era.E10.1970.DVDRip.x264-HTB.mkv
1080,Namedni.Nasha.Era.E11.1971.DVDRip.x264-HTB.mkv
1080,Namedni.Nasha.Era.E12.1972.DVDRip.x264-HTB.mkv
1080,Namedni.Nasha.Era.E13.1973.DVDRip.x264-HTB.mkv
1080,Namedni.Nasha.Era.E14.1974.DVDRip.x264-HTB.mkv
1080,Namedni.Nasha.Era.E15.1975.DVDRip.x264-HTB.mkv
1080,Namedni.Nasha.Era.E16.1976.DVDRip.x264-HTB.mkv
1080,Namedni.Nasha.Era.E17.1977.DVDRip.x264-HTB.mkv
1080,Namedni.Nasha.Era.E18.1978.DVDRip.x264-HTB.mkv
1080,Namedni.Nasha.Era.E19.1979.DVDRip.x264-HTB.mkv
1080,Namedni.Nasha.Era.E20.1980.DVDRip.x264-HTB.mkv
1080,Namedni.Nasha.Era.E21.1981.DVDRip.x264-HTB.mkv
1080,Namedni.Nasha.Era.E22.1982.DVDRip.x264-HTB.mkv
1080,Namedni.Nasha.Era.E23.1983.DVDRip.x264-HTB.mkv
1080,Namedni.Nasha.Era.E24.1984.DVDRip.x264-HTB.mkv
1080,Namedni.Nasha.Era.E25.1985.DVDRip.x264-HTB.mkv
1080,Namedni.Nasha.Era.E26.1986.DVDRip.x264-HTB.mkv
1080,Namedni.Nasha.Era.E27.1987.DVDRip.x264-HTB.mkv
1080,Namedni.Nasha.Era.E28.1988.DVDRip.x264-HTB.mkv
1080,Namedni.Nasha.Era.E29.1989.DVDRip.x264-HTB.mkv
1080,Namedni.Nasha.Era.E30.1990.DVDRip.x264-HTB.mkv
1080,Namedni.Nasha.Era.E31.1991.DVDRip.x264-HTB.mkv
1080,Namedni.Nasha.Era.E32.1992.DVDRip.x264-HTB.mkv
1080,Namedni.Nasha.Era.E33.1993.DVDRip.x264-HTB.mkv
1080,Namedni.Nasha.Era.E34.1994.DVDRip.x264-HTB.mkv
1080,Namedni.Nasha.Era.E35.1995.DVDRip.x264-HTB.mkv
1080,Namedni.Nasha.Era.E36.1996.DVDRip.x264-HTB.mkv
1080,Namedni.Nasha.Era.E37.1997.DVDRip.x264-HTB.mkv
1080,Namedni.Nasha.Era.E38.1998.DVDRip.x264-HTB.mkv
1080,Namedni.Nasha.Era.E39.1999.DVDRip.x264-HTB.mkv
1080,Namedni.Nasha.Era.E40.2000.DVDRip.x264-HTB.mkv
1080,Namedni.Nasha.Era.E41.2001.DVDRip.x264-HTB.mkv
1080,Namedni.Nasha.Era.E42.2002.DVDRip.x264-HTB.mkv
1080,Namedni.Nasha.Era.E43.2003.DVDRip.x264-HTB.mkv
1081,Lizedei.Blue_Canari.DivX.TVRip.avi
1081,Polunin.Leykin.Nizzya.H.264.TVRip.avi
1081,Polunin.Lubov.1981.XviD.TVRip.avi
1081,"Бабочка. Театр Лицедеи.mp4"
1081,"Клавы Театр Лицедеи YouTube.mp4"
1081,"СOMEDIADA 2012 Лицедеи Русская рулетка (Actors Russian roulette) НD 3D.mp4"
1084,ostrov_part1.avi
1084,ostrov_part2.avi
1085,Den.rozhdenija.moego.luchshego.druga.1987.VHSRip_NewStudio.TV.avi
1087,"01.mp4#1 урок"
1087,"02.mp4#2 Урок"
1087,"03.mp4#3 урок"
1087,"04_Controllers.mp4#4 урок Контроллеры"
1087,"05_Model.mp4#5 урок Модель"
1087,"06_Model_db.mp4#6 урок модель работа с бд"
1087,"07_View.mp4#7 урок вид"
1087,"08_Crud.mp4#8 урок круд"
1087,"09_Controller_actions_access.mp4#9 Урок Контроль доступа к действиям контроллера"
1087,"10_Validation.mp4#10 урок Валидация.avi"
1087,"11_CHtml.mp4#11 урок CHtml"
1087,"12_CMenu.mp4#12 урок. Виджет CMenu"
1087,"13_Breadcrumbs.mp4#13 урок Хлебные крошки"
1087,"14 _CDetalView.mp4#14 урок CDetalView.avi"
1087,15_CListView.mp4
1087,16_CGridVIew.mp4
1087,"17_helper_classes.mp4#17 урок Вспомогательные классы."
1087,"18_ORM.mp4#18 Урок ОРМ"
1087,"19_Redefinition.mp4#19 Переопределение"
1087,"20_Modules.mp4#20 Модули"
1087,"21_Authorization.mp4#21 урок Авторизация"
1087,"22_CDbCommand.mp4#22 урок CDbCommand"
1087,"23_plan_CMS.mp4#23 Урок план цмс"
1087,"24 урок модуль админа.avi"
1087,"25 урок категории (админка).avi"
1087,"26 урок статьи (админка) общее.avi"
1087,"27 урок Пользователи (админка).avi"
1087,"28 урок Комментарии (админка).avi"
1087,"29 урок Настройки (админка).avi"
1087,"30 урок Просмотр страниц.avi"
1087,"31 урок RBAC.avi"
1087,"32 урок регистрация пользователей.avi"
1087,"33 Подтверждение пользователей.avi"
1087,"34 Создание комментариев.avi"
1087,"35 Доработка CMS.avi"
1087,"36 урок Заключительный.avi"
1088,"CMS Drupal Базовый курс/index.html"
1089,Do.Not.Adjust.Your.Sets.1.XviD.DVDRip-weconty.avi
1089,Do.Not.Adjust.Your.Sets.2.XviD.DVDRip-weconty.avi
1089,Do.Not.Adjust.Your.Sets.3.XviD.DVDRip-weconty.avi
1089,Do.Not.Adjust.Your.Sets.4.XviD.DVDRip-weconty.avi
1089,Do.Not.Adjust.Your.Sets.5.XviD.DVDRip-weconty.avi
1089,Do.Not.Adjust.Your.Sets.6.XviD.DVDRip-weconty.avi
1089,Do.Not.Adjust.Your.Sets.7.XviD.DVDRip-weconty.avi
1089,Do.Not.Adjust.Your.Sets.8.XviD.DVDRip-weconty.avi
1089,Do.Not.Adjust.Your.Sets.9.XviD.DVDRip-weconty.avi
1092,Yogi.avi
1094,Ofelas.1987.(Rus.Saami).DVDRip.avi
1097,Orda.BDRip.avi
1098,the_great_dictator.1940.DUAL.BDRip.XviD.AC3.-HQCLUB.avi
1100,Kakushi.Ken.Oni.No.Tsume.2004.x264.tRuAVC.mkv
1102,Troe_v_puti_(2007).avi
1103,Tsukigami_1.avi
1103,Tsukigami_2.avi
1108,Savior_1998.avi
1111,"In_Extremo_Ai Vis Lo Lop.mpg"
1111,"In_Extremo_Herr Mannelig.mpg"
1112,"videoclips/G/GrOb,Letov/Grajdanskaya Oborona_led pod nogami maiora (anime).avi"
1112,"videoclips/G/GrOb,Letov/Grajdanskaya Oborona_Afganskii sindrom (anime).avi"
1112,"videoclips/G/GrOb,Letov/2771.61f303bd36.flv#Про дурачка"
1112,"videoclips/G/GrOb,Letov/Grajdanskaya Oborona_Pesnya Barsuka (anime).avi"
1112,"videoclips/G/GrOb,Letov/ГО-21-Про дурочка.MPG"
1112,"videoclips/G/GrOb,Letov/videoclips/G/GrOb,Letov/ГО - Приятного аппетита (Летов под спидами).wmv"
1112,"videoclips/G/GrOb,Letov/Гражданская Оборона - 1988-12-30, Подольск, фестиваль СыРок.mpg"
1112,"videoclips/G/GrOb,Letov/Гражданская Оборона - 1990-04-13, Таллин.mpg"
1112,"videoclips/G/GrOb,Letov/Letov_Beri shinel.avi"
1112,"videoclips/G/GrOb,Letov/Letov_Durachek.wmv"
1112,"videoclips/G/GrOb,Letov/Letov Egor_Ofeliya.wmv"
1112,"videoclips/G/GrOb,Letov/Letov_I vnov prodoljaetsya boi (live).wmv"
1112,"videoclips/G/GrOb,Letov/Letov_Mi idem v tishine....avi"
1112,"videoclips/G/GrOb,Letov/Letov_Vershki i koreshki.wmv"
1112,"videoclips/G/GrOb,Letov/Letov_Zoopark.wmv"
1112,"videoclips/G/GrOb,Letov/Grazhdanskaya Oborona-Vpered! (original).flv"
1112,"videoclips/G/GrOb,Letov/Гр.Об. - Игра В Бисер.flv"
1112,"videoclips/G/GrOb,Letov/Гр.Об. - Я Блюю На Ваши Дела.flv"
1112,"videoclips/G/GrOb,Letov/гражданская оборона. винтовка - это праздник.mp4"
1112,"videoclips/G/GrOb,Letov/Гражданская оборона.Клип.Заплата на заплате......mp4"
1112,"videoclips/G/GrOb,Letov/ГРАЖДАНСКАЯ ОБОРОНА.(Жизнь как сметана).mp4"
1112,"videoclips/G/GrOb,Letov/Гражданская оборона - Like a Rolling stone.mp4"
1112,"videoclips/G/GrOb,Letov/Гражданская Оборона- Вечная весна.flv"
1112,"videoclips/G/GrOb,Letov/Гражданская Оборона - ГрОб - Солдатами не рождаются.mp4"
1112,"videoclips/G/GrOb,Letov/Гражданская Оборона - Детский доктор сказал Ништяк.mp4"
1112,"videoclips/G/GrOb,Letov/(Гражданская Оборона) Егор Летов - Раздражение.mp4"
1112,"videoclips/G/GrOb,Letov/Гражданская Оборона - Западло.mp4"
1112,"videoclips/G/GrOb,Letov/Гражданская Оборона - Иваново детство.flv"
1112,"videoclips/G/GrOb,Letov/Гражданская Оборона Некрофилия Сы.Рок..mp4"
1112,"videoclips/G/GrOb,Letov/Гражданская оборона - Он увидел солнце.mp4"
1112,"videoclips/G/GrOb,Letov/Гражданская Оборона- Русское поле экспериментов..flv"
1112,"videoclips/G/GrOb,Letov/Гражданская оборона - Следы на снегу.mp4"
1112,"videoclips/G/GrOb,Letov/Гражданская Оборона - Хороший царь и знакомая вонь.flv"
1112,"videoclips/G/GrOb,Letov/Гражданская Оборона - Энтропия.flv"
1112,"videoclips/G/GrOb,Letov/Егор Летов Мышеловка.flv"
1112,"videoclips/G/GrOb,Letov/Пластсмассовый Мир (моя оборона)Гражданская оборона.mp4"
1112,"videoclips/G/GrOb,Letov/Я бесполезен.flv"
1112,music_video/grob_live.avi
1113,videoclips/Y/Yanka/amv_ratty_osoby_rezon_normal.avi
1113,"videoclips/Y/Yanka/Yanka_Gori gori yasno (live).avi"
1113,"videoclips/Y/Yanka/Yanka_Po tramvainim relsam.wmv"
1113,music_video/Yanka.avi
1116,"The Who - Happy Jack.flv"
1116,"The_Who_Happy Jack.avi"
1116,"The Who - I am Free.flv"
1117,The_Berzerker_-_All_The_Things_She_Said.avi
1118,"Rage against the machine_Guerilla Radio.mpg"
1118,"Rage against the machine_Testify.mpg"
1119,hatebreed-defeatist-XViD-MuD-HDP.avi
1120,"Children of Bodom - in your face.avi"
1120,Children_of_Bodom_-_Trashed_Lost_and_Strungout.avi
1121,"Bloodhound Gang - Along Comes Mary.avi"
1121,"Bloodhound Gang - Bad Touch.mpg"
1121,"Bloodhound Gang - The ballad of Chassey Lane.mpg"
1121,"Bloodhound Gang - The Inevitable .mpg"
1122,Exgibitionist.mpeg
1123,Kraftwerk_Das_Modell.avi
1123,Kraftwerk_Die_Roboter.avi
1123,Kraftwerk_Music_non_stop.avi
1123,Kraftwerk_Trans_europe_express.avi
1123,"Kraftwerk - Das modell.avi"
1124,"Трофим - Эх, дал бы кто взаймы.avi"
1124,"Сергей Трофимов - Крылья.avi"
1125,"documental_video/Roboty.takie.pohozhije.na.ludey_[torrents.ru].avi#Роботы такие похожие на людей"
1125,"videoclips/demo/Big Dog.mp4"
1125,"videoclips/demo/DARPA Legged Squad Support System (LS3).mp4"
1125,"videoclips/demo/LS3 Follow Tight.mp4"
1125,"videoclips/demo/LS3 - Legged Squad Support System.mp4"
1125,"videoclips/demo/Sand Flea Jumping Robot.mp4"
1125,"videoclips/demo/RHex Rough-Terrain Robot.mp4"
1127,"Ten Canoes.avi"
1128,"Manowar - Blow your speakers.avi"
1128,"Manowar - Hail And Kill (live)1998.avi"
1130,"Маша и Медведи-Любочка.avi"
1131,5DD44AD7d01.flv
1131,6C8E4AD7d01.flv
1131,06F726A7d01.flv
1131,7F0726A7d01.flv
1131,9D614AD7d01.flv
1131,671D26A5d01.flv
1131,969F4AD7d01.flv
1131,93714AD7d01.flv
1131,kvn1.avi
1131,kvn2.avi
1131,kvn9.avi
1131,kvn12.avi
1131,kvn_kz.flv
1131,triod.flv
1131,CENTRAL.flv
1131,notebook.flv
1131,notebook2.flv
1131,rambo.flv
1131,rufinad.flv
1131,4EEF26A7d01.flv
1131,"Вениамин Карлович Рубилов.avi"
1131,"КВН ИГА - В паспортном столе.avi"
1132,"Iron Maiden - Be Quick Or Be Dead.avi"
1132,"Iron Maiden - The Number of The Beast (1982).flv"
1133,"mucky pup - little pigs.flv"
1133,"Mucky Pup - live09 - death by cholesterol.flv"
1134,"Napalm Death - Breed To Breathe.avi"
1134,"NAPALM DEATH (Incinerator).avi"
1134,"Napalm Death - Low Life.mpg"
1134,"Napalm Death - Mass Appeal Madness.avi"
1134,"Napalm Death - Plague Rages.avi"
1134,"Napalm Death - Silence Is Deafening Insec.mpg"
1134,"Napalm Death - When All Is Said And Done.avi"
1135,"Obituary - Dont Care.mpg"
1135,obituary-insane.mpg
1136,"Nancy Sinatra - These Boots Are Made for Walkin.flv"
1137,"The Passenger - Iggy Pop and The Stooges 70s.flv"
1138,"SAM THE SHAM AND THE PHARAOHS.flv"
1138,"Sam The Sham and the Pharaohs - Wooly Bully.flv"
1139,"MOONSPELL - Opium (OFFICIAL VIDEO).flv"
1140,"Molotov - Puto.flv"
1140,Molotov-Parasito.flv
1142,"Siouxsie and the Banshees - Arabian Knights.flv"
1142,"Siouxsie And The Banshees - Happy House.flv"
1142,"Siouxsie and the Banshees - israel live 1983.flv"
1142,"Siouxsie and the Banshees - Red Light.flv"
1142,"Siouxsie And The Banshees - The Passenger.flv"
1142,"Siouxsie & the Banshees - Christine.flv"
1143,"ELO - CONFUSION.flv"
1144,fioletovo-chyornyj.mkv
1144,iz_myshelovki.mkv
1144,kk.mkv
1144,lico.mkv
1144,mrakobesie_i_dzhaz.mkv
1144,ne_konchaetsya_pytka.mkv
1144,piknik_jazz.avi
1144,Piknik_Lico.avi
1144,pit_elektrichestvo.mkv
1144,sharmanka.mkv
1144,"Пикник_Дай себя сорвать.avi"
1145,"Roy Andersson - Commercials.avi"
1146,"Kreator - 1992 - Renewal.avi"
1146,"Kreator - Renewal (live).flv"
1146,"Kreator - Enemy Of God.avi"
1146,Kreator_-_Violent_Revolution.avi
1147,"Brutal Truth - Dead Smart 2007.AVI"
1147,"Brutal Truth - Sugardaddy [July 17th, 2009].AVI"
1148,"Бумбокс - Та 4то.vob"
1148,Bumboks-Hottabych.mp4
1149,Das_Ich__Lava_Addendum/garten_eden.avi
1149,Das_Ich__Lava_Addendum/kain_und_abel.avi
1149,Das_Ich__Lava_Addendum/kindgott.avi
1150,"Gollbetty_PV 03 Easy Going--.mkv"
1151,"System Of A Down - Aerials.mkv"
1151,revenga.wmv
1151,"System Of A Down - B.Y.O.B.mkv"
1151,"System Of A Down - Boom.mkv"
1151,"System Of A Down - Chop Suey.mkv"
1151,"System Of A Down - Hypnotize.mkv"
1151,"System Of A Down - Lonely Day.mkv"
1151,"System Of A Down - Question!.mkv"
1151,"System Of A Down - Spiders.mkv"
1151,"System Of A Down - Toxicity.mkv"
1151,"1998 - Sugar.vob"
1151,"2001.08.25 - jet pilot (live lowlands NL).mpeg"
1151,"2001 - Chop Suey!.vob"
1151,"2005.10.12 - sultans of swing (live KROQ almost acoustic xmas).mpg"
1151,"2005. mr jack (live download festival).mpeg"
1151,"2006 - Lonely Day.vob"
1152,"Robert Plant and The Strange Sensation_2006/007_ Gallows_Pole.avi"
1152,"Robert Plant and The Strange Sensation_2006/Led Zeppelin_-_Whole Lotta_Love.avi"
1152,"Robert Plant and The Strange Sensation_2006/Whole_Lotta_Love.avi"
1153,null_man_cat.avi
1154,"1999 - Колыбельная по-снайперски.avi"
1154,"2000 - 31-я весна.avi"
1154,"2001 - Кошка.avi"
1154,"Ночные снайперы_2005 - Куба.avi"
1154,"Ночные снайперы_2007 - Морячок.wmv"
1155,"Matisyahu - Youth.flv"
1156,"The Passenger - Iggy Pop and The Stooges 70s.flv"
1160,"KMFDM - Dogma.mpg"
1160,"KMFDM - Megalomaniac.mpeg"
1162,"Megadeth - Anarchy In The U.K..avi"
1163,Va-Bank_Kisloe_vino.avi
1163,Va-Bank_-_Kudryavaya.mpg
1164,"No Doubt - Dont Speak.mpg"
1165,"coroner_07. Absorbed.avi"
1166,Vremya_tsygan_1_chast.avi
1166,Vremya_tsygan_2_chast.avi
1166,Vremya_tsygan_3_chast.avi
1166,Vremya_tsygan_4_chast.avi
1166,Vremya_tsygan_5_chast.avi
1167,The_Haunted_House.avi
1168,00_10.avi
1170,xz.avi
1171,"Morcheeba - Rome Wasnt Built in a Day.mpg"
1172,"Чёрный кофе - Владимирская Русь.avi"
1172,"чёрный кофе - Листья.avi"
1172,Eto-Rock.avi
1172,Jdi_Nadeysya.avi
1172,Plach_o_Radosti.avi
1173,"BraAgas - Asentada.flv"
1173,"Anoche - BraAgas.mp4"
1174,"Garmarna - Herr Mannelig (Lyrics, translation & explanation  Letra, traduccion y explicacion).flv"
1175,"Tempus est Iocundum Codex Buranus, 179.mp4"
1176,Zhanna.dArc.1999.BDRip.AVC.Megashara.com.mkv
1177,001.avi
1177,008.avi
1177,009.avi
1177,012.avi
1177,015.avi
1177,016.avi
1177,017.avi
1177,018.avi
1177,019.avi
1177,021.avi
1177,023.avi
1178,Pushnoy-ru_OSP_Ramm-Int-VIDEO.WMV
1180,"The Casualties - No Rules.mp4"
1180,"The Casualties - On City Street.flv"
1180,"The Casualties - We Are All We Have.flv"
1181,"Dead Kennedys - Holiday In Cambodia (1981).mp4"
1181,"Dead Kennedys - Kill the poor.flv"
1182,"Dusty Springfield - Spooky.flv"
1183,"music_video/RAMONES - Live December 31st, 1977 (High Quality).flv"
1183,"videoclips/R/Ramones - Live Arturos Loft (1975).avi"
1184,"Nancy Sinatra - These Boots Are Made for Walkin.flv"
1185,"Liar Liar Castaways on Never Too Young.flv"
1186,the_website_is_down.flv
1186,sklad.avi
1186,karcev.flv
1186,hdd.flv
1186,babibell.avi
1186,Are_you_reaching_your_potential.flv
1186,493163cd6b_72ddb316d1.flv
1186,4ugly.avi
1186,zp[1].avi
1187,"Diktatura mozga.avi"
1189,music_video/Fleur_O2TV_part_1.avi
1189,music_video/Fleur_O2TV_part_2.avi
1189,music_video/Fleur_O2TV_part_3.avi
1189,"videoclips/F/fleur - formalin.mpg"
1189,"videoclips/F/fleur - shelkopriad.avi"
1190,"bashnya rowan - clowns.avi"
1190,Borov.wmv
1190,Cat.wmv
1190,Grendel.avi
1190,Violet.wmv
1191,jango_papagun.flv
1192,tartak.flv
1193,ZDOB.MPG
1194,"The Young Gods Lamourir  Live Paleo Festival 2001.mp4"
1194,"The Young Gods - Leau Rouge (Paleo Festival 1990).mp4"
1195,"Type ONegative - Black N1.mpg"
1196,"Theatre of Tragedy_Mage.avi"
1197,"Tiamat - Teonanacatl.flv"
1198,"videoclips/S/Sepultura/02 Sepultura - Arise.VOB"
1198,"videoclips/S/Sepultura/03 Sepultura - Attitude.VOB"
1198,"videoclips/S/Soulfly - Back To The Primitive.mpg"
1198,"videoclips/S/Sepultura/06 Sepultura - Dead Embryonic Cell.VOB"
1198,"videoclips/S/Sepultura/07 Sepultura - Inner Self.VOB"
1198,"videoclips/S/Sepultura/09 Sepultura - Ratamahatta.VOB"
1198,"videoclips/S/Sepultura/10 Sepultura - Refuse Resist.VOB"
1198,"videoclips/S/Sepultura/11 Sepultura - Roots Boody Roots.VOB"
1202,"Sodom - Bombenhagel.flv"
1202,"Sodom - Ausgebombt (Musik Video 1989).flv"
1202,"Sodom-Remember the fallen.mp4"
1202,"Sodom  Better Off Dead.mp4"
1202,"Sodom - Bullet In The Head(HD).mp4"
1202,"Sodom - Gomorrah (Studio with Lyrics).flv"
1202,"1994 - Die Stumme Ursel.vob"
1202,"1994 - Silence Is Consent.vob"
1202,"Sodom - 17 - Aber Bitte Mit Sahne.mp4"
1202,"Sodom- Aber Bitte Mit Sahne.flv"
1202,"Sodom Masquerade In Blood.mp4"
1202,"2006 - City Of God.vob"
1202,"2013 - Stigmatized.VOB"
1203,"Маски в Колхозе  Maski in Kolhoz.flv"
1203,"Маски-шоу 1998. Суперскетчи - 3.flv"
1205,"Сколько вешать в граммах.реклама 90-е.mp4"
1205,the_website_is_down.flv
1206,VTS_07_1.avi
1206,VTS_08_1.avi
1206,VTS_09_1.avi
1207,"Korolevstvo krivyh zerkal.avi"
1209,Soulfly
1210,Therion
1211,1
1212,mihailo_lomonosov_e01_ot_nedr_svoih.avi
1212,mihailo_lomonosov_e02_ot_nedr_svoih.avi
1212,mihailo_lomonosov_e03_ot_nedr_svoih.avi
1212,mihailo_lomonosov_e04_vrata_uchenosti.avi
1212,mihailo_lomonosov_e05_vrata_uchenosti.avi
1212,mihailo_lomonosov_e06_vrata_uchenosti.avi
1212,mihailo_lomonosov_e07_vo_slavu_otechestva.avi
1212,mihailo_lomonosov_e08_vo_slavu_otechestva.avi
1212,mihailo_lomonosov_e09_vo_slavu_otechestva.avi
1214,nochnoy_dozor.avi
1114,"Шлюз - Актриса.avi"
1114,http://youtu.be/nLz-_9S5atY#external
1114,"Шлюз - Актриса (клип).mp4"
1114,"Шлюз - Песня.avi"
1114,"ШЛЮЗ (feat WAWAN) - Песня (live 2005).mp4"
1114,"Шлюз - Песня (А1 Панк блок).mpg"
1114,"http://youtu.be/NCzsV27B508#Песня (А1 Панк блок), external"
1114,"Шлюз - Празднику Стоп (HD).mp4"
1129,Ska-P_001_2003.avi
1129,"Ska-P_A_La_Mierda_(live,2003).avi"
1129,"SKA-P - Canabis.mpg"
1129,"Ska-P_Cannabis_(live,2003).avi"
1129,"Ska-P_Casposos_(live,2003).avi"
1129,"Ska-P - Consumo gusto.avi"
1129,"Ska-P_Derecho De Admision_(live,2003).avi"
1129,"Ska-P-El_Gato_Lopez_(live,2003).avi"
1129,"Ska-P-El_Vals_Del_Obrero_(live,2003).avi"
1129,"Ska-P-Intifada_)live,2003(.avi"
1129,"SKA-P - live videos.avi"
1129,"SKA-P - paramilitar.mpg"
1129,"Ska-P_Planeta Eskoria_(live,2003).avi"
1129,"Ska-P-Romero_El_Madero_(live,2003).avi"
1129,"Ska-P_Sexo y Religion_(live,2003).avi"
1129,"Ska-P_Tio Sam_(live,2003).avi"
1129,"Ska-P_Tio Sam_live,2003.flv"
1129,Ska-p_-_Villancico.avi
1129,"Ska-P_Welcome to hell_(live,2003).avi"
1129,"Ska-P - Cannabis.mp4"
1129,"SKA-P - Tio Sam [18+].mp4"
1059,"Psalteria - Quando el rey Nimrod.flv"
1059,"https://skydrive.live.com/redir?resid=1C54A2B259FA0C51!169#external, Quando el rey Nimrod"
1059,"Psalteria - Monday Morning.mp4"
1059,"https://skydrive.live.com/redir?resid=1C54A2B259FA0C51!168#Monday Morning, external"
1059,"Psalteria - Jovano Jovanke.flv"
1059,"http://sdrv.ms/TQHrcE#Jovano Jovanke, external"
1059,"nazad nazad mome kalino.flv"
1059,"https://skydrive.live.com/redir?resid=1C54A2B259FA0C51!166#Nazad nazad mome kalino, external"
717,adv_buratino.avi
966,"Grimm_Warmerdam, 2003_DVDRip-AVC.mkv"
748,"Wassup Rockers.avi"
942,sunshine.avi
1115,"Walls of Jericho - A Trigger Full Of Promises.avi"
1115,"Walls of Jericho - Jaded (Live@HellFest).mpg"
1115,"Walls Of Jericho - Pixing Broken Hearts (Live@Club Tundra).wmv"
1115,"Walls of Jericho - Playing Soldier Again.mpg"
1115,"Walls of Jericho - Theres No I Fuck You.mpg"
1115,"Walls of Jericho - American Dream ( live wacken ).mp4"
734,xottabych.avi
1228,"Orthodox russian chant. Песнь Богородицы.mp4"
659,Cargo_2009_HDRip.avi
962,Faust.2011.HDRip.avi
886,"wag_the_dog.avi "
897,Brave_Heart1.avi
897,Brave_Heart2.avi
736,"Ponedelnik.Monday.2000.(DVDRip, Xvid, Rus).Lifemirror.avi"
704,TrowMommaFromTheTrain.avi
914,STATSKY_SOVETNIK_[tfile.ru].avi
912,SHAFT.divx
1095,Delicatessen.1991.BDRip.HQCLUB.avi
1099,Bushi.No.Ichibun.2006.x264.BDR.tRuAVC.mkv
860,holodnoe_leto_53.avi
1230,Favorit(1.seria).avi
1230,Favorit(2.seria).avi
1230,Favorit(3.seria).avi
1230,Favorit(4.seria).avi
1230,Favorit(5.seria).avi
1230,Favorit(6.seria).avi
1230,Favorit(7.seria).avi
1230,Favorit(8.seria).avi
878,dogma.avi
1226,"Lama Tashi- Vajrapani.mp4"
1107,"Faust.act2.People die for metal.avi"
1107,Faust.act4_return_valentine.avi
1107,Faust.act5_Walpurgis_Night.avi
1158,"Фредерик Шопен Вальс до минор 7.flv"
1001,"fish.MPFC-3.02.XviD.DVDRip.[rus.eng]_weconty.avi#Танец с рыбками"
1001,"sketch_beagles_MPFC.Season-3.(1971-1973).07.XviD.DVDRip.[rus.eng]_weconty.avi#Биглз"
1001,"sketch_oscar_wilde_MPFC-3.13.XviD.DVDRip.[rus.eng]_weconty.avi#Оскар Уайлд"
1001,"superman_MPFC-1.03.XviD.DVDRip.[rus.eng]_weconty.avi#Супермен"
1001,"tax.MPFC-2.02.XviD.DVDRip.[rus.eng]_weconty.avi#Налоги"
1001,"sobesedovanie_Monty.Python.s01e05.rus.eng.Kybik.v.Kybe.avi#Собеседование"
1001,"restoran_Monty.Python.s01e03.rus.eng.Kybik.v.Kybe.avi#Ресторанный скетч"
1001,"policeman_MPFC.Season-4.(1974)_4.03.XviD.DVDRip.[rus.eng]_weconty.avi#Полисмен"
1001,"gandicap_MPFC.Season-4.(1974)_4.03.XviD.DVDRip.[rus.eng]_weconty.avi#Гандикап"
1001,"first_night_MPFC.Season-4.(1974)_4.03.XviD.DVDRip.[rus.eng]_weconty.avi#Первая ночь"
1001,"film_Monty.Python.s01e06.rus.eng.Kybik.v.Kybe.avi#Фильм"
1001,"dejavu.MPFC-2.03.XviD.DVDRip.[rus.eng]_weconty.avi#Дежавю"
1001,"boxer_MPFC.Season-4.(1974)_4.03.XviD.DVDRip.[rus.eng]_weconty.avi#Боксер"
1001,"air.MPFC-2.03.XviD.DVDRip.[rus.eng]_weconty.avi#Пилоты"
1215,Oblivion.2013.BDRip-AVC.mkv
1204,"music_video/Flemish Renaissance song.flv#Фламандская песня эохи Реннесанса"
1204,"music_video/Italian Renaissance song 1.flv"
1204,"music_video/Renaissance Venetian Music.mp4"
1204,"videoclips/T/Tempus est Iocundum Codex Buranus, 179.mp4"
1091,yoga_for_begining_1.avi
1091,yoga_for_begining_2.avi
1091,yoga_for_begining_3.avi
1091,yoga_for_begining_4.avi
1091,yoga_for_begining_5.avi
1091,yoga_for_begining_6.avi
1091,yoga_for_begining_7.avi
1086,"osnovy_ci/lesson1_xvid.mp4#<b>часть 4. Изучаем CodeIgniter</b>.Понятие фреймворка и модели MVC"
1086,"osnovy_ci/lesson2_xvid.mp4#Скачиваем и устанавливаем CodeIgniter"
1086,"osnovy_ci/lesson3_xvid.mp4#Структура фреймворка, документация и ресурсы"
1086,"osnovy_ci/lesson4_xvid.mp4#Контроллеры, формирование URL-адресов в CodeIgniter"
1086,"osnovy_ci/lesson5_xvid.mp4#Дополнениe по контроллерам, разбор файла config.php"
1086,"osnovy_ci/lesson6_xvid.mp4#Принципы именования при работе с CodeIgniter"
1086,"osnovy_ci/lesson7_xvid.mp4#Передача переменных в вид"
1086,"osnovy_ci/lesson8_xvid.mp4#Передача переменных методом POST с помощью CodeIgniter"
1086,"osnovy_ci/lesson9_xvid.mp4#Библиотеки в Codelgniter"
1086,"osnovy_ci/lesson10_xvid.mp4#Хэлперы в Codelgniter"
1086,"osnovy_ci/lesson11_xvid.mp4#Разбор файла autoload.php"
1086,"osnovy_ci/lesson12_xvid.mp4#Создаем тестовую базу и разбираем файл database.php"
1086,"osnovy_ci/lesson13_xvid.mp4#Извлечение информации из базы"
1086,"osnovy_ci/lesson14_xvid.mp4#Класс active record"
1086,"osnovy_ci/lesson15_xvid.mp4#Добавление информации в базу"
1086,"osnovy_ci/lesson16_xvid.mp4#Обновление и удаление информации в базе"
1086,"osnovy_ci/lesson17_xvid.mp4#Разбираем файл routes.php"
1086,"javascript:void(0)#<b>часть 5.Создаем приложение на CodeIgniter</b>"
1086,"ci_prilozhenie/lesson1_xvid.mp4#1.Вступление"
1086,"ci_prilozhenie/lesson2_xvid.mp4#2.Подготовительные работы"
1086,"ci_prilozhenie/lesson3_xvid.mp4#3.Разрабатываем структуру базы данных"
1086,"ci_prilozhenie/lesson4_xvid.mp4#4.Наполняем базу данных"
1086,"ci_prilozhenie/lesson5_xvid.mp4#5.Графика и основные настройки приложения"
1086,"ci_prilozhenie/lesson6_xvid.mp4#6.Начинаем подготавливать каркас для сайта"
1086,"ci_prilozhenie/lesson7_xvid.mp4#7.Продолжаем дорабатывать каркас сайта"
1086,"ci_prilozhenie/lesson8_xvid.mp4#8.Разбиваем каркас на блоки"
1086,"ci_prilozhenie/lesson9_xvid.mp4#9.Разбираем схему работы контроллера pages"
1086,"ci_prilozhenie/lesson10_xvid.mp4#10.Выводим контент главной страницы из базы"
1086,"ci_prilozhenie/lesson11_xvid.mp4#11.Продолжаем дорабатывать главную страницу"
1086,"ci_prilozhenie/lesson12_xvid.mp4#12.Выводим свежие и популярные материалы"
1086,"ci_prilozhenie/lesson13_xvid.mp4#13.Пишем роутеры для контроллера pages"
1086,"ci_prilozhenie/lesson14_xvid.mp4#14.Реализуем страницу ""Об авторе"""
1086,"ci_prilozhenie/lesson15_xvid.mp4#15.Разбираем схему работы страницы контактов"
1086,"ci_prilozhenie/lesson16.mp4#16.Пишем вспомогательную библиотеку captcha_lib"
1086,"ci_prilozhenie/lesson17.mp4#17.Пишем правила валидации для контактной формы"
1086,"ci_prilozhenie/lesson18.mp4#18.Создаем файл вида для страницы контактов"
1086,"ci_prilozhenie/lesson19.mp4#19.Добиваемся показа страницы контактов"
1086,"ci_prilozhenie/lesson20.mp4#20.Заканчиваем со страницей контактов"
1086,"ci_prilozhenie/lesson21.mp4#21.Реализуем вывод материалов полностью"
1086,"ci_prilozhenie/lesson22.mp4#22.Рассматриваем схему реализации комментариев"
1086,"ci_prilozhenie/lesson23.mp4#23.Начинаем работу над комментариями"
1086,"ci_prilozhenie/lesson24.mp4#24.Заканчиваем работу над комментариями"
1086,"ci_prilozhenie/lesson25.mp4#25.Получение настроек из базы данных"
1086,"ci_prilozhenie/lesson26.mp4#26.Создаем функцию, отображающую разделы сайта"
1086,"ci_prilozhenie/lesson27.mp4#27.Делаем постраничную навигацию. Часть 1"
1086,"ci_prilozhenie/lesson28.mp4#28.Делаем постраничную навигацию. Часть 2"
1086,"ci_prilozhenie/lesson29.mp4#29.Меняем внешний вид постраничной навигации"
1086,"ci_prilozhenie/lesson30.mp4#30.Готовимся к созданию архива материалов"
1086,"ci_prilozhenie/lesson31.mp4#31.Создаем архив материалов. Часть 1"
1086,"ci_prilozhenie/lesson32.mp4#32.Создаем архив материалов. Часть 2"
1086,"ci_prilozhenie/lesson33.mp4#33.Административная зона"
1086,"ci_prilozhenie/lesson34.mp4#34.Функция добавления материала"
1086,"ci_prilozhenie/lesson35.mp4#35.View для добавления материала"
1086,"ci_prilozhenie/lesson36.mp4#36.Функция добавления материала"
1086,"ci_prilozhenie/lesson37.mp4#37.Функция редактирования материала"
1086,"ci_prilozhenie/lesson38.mp4#38.Функция редактирования материала"
1086,"ci_prilozhenie/lesson39.mp4#39.Функция редактирования материала"
1086,"ci_prilozhenie/lesson40.mp4#40.Функция обновления материала"
1086,ci_prilozhenie/lesson41.mp4
1086,ci_prilozhenie/lesson42.mp4
1086,ci_prilozhenie/lesson43.mp4
1086,ci_prilozhenie/lesson44.mp4
1086,ci_prilozhenie/lesson45.mp4
1086,ci_prilozhenie/lesson46.mp4
1086,ci_prilozhenie/lesson47.mp4
1086,ci_prilozhenie/lesson48.mp4
1086,ci_prilozhenie/lesson49.mp4
1086,ci_prilozhenie/lesson50.mp4
1086,ci_prilozhenie/lesson51.mp4
1086,ci_prilozhenie/lesson52.mp4
1086,ci_prilozhenie/lesson53.mp4
1086,ci_prilozhenie/lesson54.mp4
1086,ci_prilozhenie/lesson55.mp4
1086,ci_prilozhenie/lesson56.mp4
1086,ci_prilozhenie/lesson57.mp4
1086,ci_prilozhenie/source_usage.mp4
773,"The 51st State (DVDrip, Gavrilov, Unknow, Eng) by A.P..avi"
955,isaev_s01e01.avi
955,isaev_s01e02.avi
955,isaev_s01e03.avi
955,isaev_s01e04.avi
955,isaev_s01e05.avi
955,isaev_s01e06.avi
955,isaev_s01e07.avi
955,isaev_s01e08.avi
955,isaev_s01e09.avi
955,isaev_s01e10.avi
955,isaev_s01e11.avi
955,isaev_s01e12.avi
955,isaev_s01e13.avi
955,isaev_s01e14.avi
955,isaev_s01e15.avi
955,isaev_s01e16.avi
700,99fr_BDRip_AVC_432p_fr.mkv
1090,asana_001.avi
1090,asana_002.avi
1090,asana_003.avi
1090,asana_004.avi
1090,asana_005.avi
1090,asana_006.avi
1090,asana_007.avi
1090,asana_008.avi
1090,asana_009.avi
1090,asana_010.avi
1090,asana_011.avi
1090,asana_012.avi
1090,asana_013.avi
1090,asana_014.avi
1090,asana_015.avi
1090,asana_016.avi
1090,asana_017.avi
1090,asana_018.avi
1090,asana_019.avi
1090,asana_020.avi
1090,asana_021.avi
1090,asana_022.avi
1090,asana_023.avi
1090,asana_024.avi
1090,asana_025.avi
1090,"asana_026.avi#Карнапиндасана"
1090,"asana_027.avi#Матсьясана"
1090,"asana_028.avi#Шавасана"
12,rat_race.avi
875,angry_management.avi
928,Pesni_so_vtorogo_etaja__tfile.ru_.avi
816,dobro_pozhalovat_ili_postoronnim_vkhod_v.avi
1096,Ne.mozhet.bit.1975_[torrents.ru].avi
1093,Davidov_i_Goliaf_DVDRip.avi
873,7_nyanek.avi
1232,Duhless_2_2015_BDRip_by_Dalemake.avi
1233,Poroh.1985.DivX.DVDRip.avi
1201,Samsara.2011.BDRip.720p.mkv
1235,"Zerkalo glya geroya (1987).mkv"
1238,Interstellar_2014_BDRip_[IMAX]_by_Dalemake.avi
658,"tainy_dvorcovih_perevorotov_film_1.avi#Завещание императора"
658,"tainy_dvorcovih_perevorotov_film_2.avi#Завещание императрицы"
658,"tainy_dvorcovih_perevorotov_film_3.avi#Я император"
658,"tainy_dvorcovih_perevorotov_film_4.avi#Падение Голиафа"
658,"tainy_dvorcovih_perevorotov_film_5.avi#Вторая невеста императора"
658,"tainy_dvorcovih_perevorotov_film_6.avi#Смерть юного императора"
864,Piraty[1].Silikonovoy.Dolini.avi
934,donnie_brasco.avi
683,Cabaret.1972.avi
889,"hot_shots.avi "
890,Hot_Shots_2.DVDRip_tfile.ru.avi
1239,startap.2014.WEB-DLRip.1400MB.avi
1241,Doroga.Na.Berlin.By_Flash.avi
1243,SHAPKA_1990.avi
1225,"Russian Orthodox Chant.mp4"
848,Irma_la_Douce.avi
964,WO_HU1[1].avi
676,F.A.Q.About.Time.Travel.2009.HDTVRip.2xRUS.ENG.mkv
1199,Menuet.K.409.AVI
1199,Mozart_Eine_kleine_Nachtmusik_K.525.avi
1199,Symphonie_N25.avi
891,Thursday.1998.DVDRip-AVC.Taran2L.tRuAVC.mkv
1038,"video_opera/parts/Rossini-Il.barbiere.di.Siviglia.1989.DVDRip_cut01.avi#Севильский цирюльник. ""Фигаро здесь, Фигаро там"""
1038,"video_opera/parts/Rossini - La Gazza Ladra (BARTOLETTI) 1987/La Gazza Ladra_001.avi#Сорока-воровка, увертюра"
936,Eksperiment-2.2008.P.DVDRip_INTERFILM.avi
656,killer.avi
737,kin-dza-dza1.ogv
737,kin-dza-dza2.ogv
915,DzhentelmenyUdachi.avi
884,SixStringSamurai.avi
1247,"s01e01_The National Anthem.avi"
1247,"s01e02_15 Million Merits.avi"
1247,"s01e03_The Entire History of You.avi"
1247,"s02e01_Be Right Back.avi"
1247,"s03e00.White.Christmas_The Waldo Moment.avi"
677,Der_Hauptmann_von_Kepenick.avi
688,Die_Feuerzangenbowle.avi
1250,Kung.Fury.avi
1251,"Masters of Science Fiction_Jerry Was a Man.mp4"
1251,"Masters of Science Fiction_Little Brother.mp4"
1252,crash_2004.avi
888,"Sobachye serdce_1.avi"
888,"Sobachye serdce_2.avi"
797,12.avi
987,"Ernst & Lyset (1996).mp4"
990,Carla_s.Song.Ken.Loach.1996.avi
680,dancer_in_the_dark.mkv
698,Deti.boga.voyni.2006.DivX.SATRip.avi
933,Dom_Solnca.avi
1110,"Djeca_Children of Sarajevo.avi"
693,Drifter.2010.XviD.DVDRip.avi
833,Fanatik.avi
795,FantomasContreScotlandYard.avi
795,Fantomas.avi
854,festen.avi
937,Gadkie.lebedi.avi
853,Idioterne.avi
939,ischeznuvshaya_imperiya.avi
906,Kak.ja.provjol.etim.letom.2010.O.DVDRip.ELEKTRI4KA.[uniongang.tv].avi
784,KRASNYY_OTEL.avi
1234,kosmicheskiy_reys_fantasticheskaya_novel.mp4
753,"La Chinoise.avi"
1217,mean_streets_[torrents.ru].avi
821,"North Korea - A Day in the Life.avi"
829,"Ooku 1.avi"
829,"Ooku 2.avi"
1050,pakt.MP4
1051,perekrestok.MP4
815,Pyesa_dlya_passazhira.avi
782,"Realniy papa.avi"
820,Elkerlyc.avi
917,duska.avi
918,illusionist_de.avi
1200,Shadows.in.the.Palace.2007.DVDRip.Xvid-PosTX.CD1.avi
1200,Shadows.in.the.Palace.2007.DVDRip.Xvid-PosTX.CD2.avi
705,Submarino.avi
1109,Segodnja_uvolnenija_ne_budet.avi
856,sobaka.na.sene.1.avi
856,sobaka.na.sene.2.avi
940,Stat.Dzhonom.Lennonom.1400.2009.HDRip.avi
715,"The Saddest Boy In The World (rus).avi"
842,Smert.Rabochego.2005.XviD.DVDRip.avi
954,schtrafbat_part1.avi
954,schtrafbat_part2.avi
954,schtrafbat_part3_1.avi
954,schtrafbat_part3_2.avi
954,schtrafbat_part4.avi
954,schtrafbat_part5.avi
954,schtrafbat_part6.avi
954,schtrafbat_part7.avi
954,schtrafbat_part8.avi
954,schtrafbat_part9.avi
954,schtrafbat_part10.avi
954,schtrafbat_part11.avi
803,triumf_voli[tfile.ru].avi
1179,Trofim.(k.a.Pribitie.Poezda).1995.DVDRip.avi
792,we_from_future.avi
814,zhavoronok.avi
861,"iam_not_scared.avi "
1104,Yamazakura.mkv
1240,"Здорово и вечно (2014) WEBRip.mp4"
1169,"Bunt Ihtiandra.Aleksandr Belyaev.avi"
970,"Петр Мамонов. Черным по белому_bySat.avi"
969,Partitury_ne_gorjat_Leopold_Mozart.avi
696,"Весёлый год Маяковского.avi"
788,"Genghis Khan.avi"
744,dokum_Glavnaya.tayna.respubliki.SHKID.2009.DivX.SATRip.avi
743,documental_lev_kassil.avi
1208,music_video/Sodom.History.I.mkv
1188,Wsemirnij.Potop.Kak.Predchuwstwie.avi
1126,Japan_s_War_in_Colour_part_1.avi
1126,Japan_s_War_in_Colour_part_2.avi
968,"Handel Life of a Pop_Icon. 2008_xvid.avi"
1159,"Roving Mars  720р.mkv"
895,"1 Тайны семи пирамид.avi"
895,"2 Вечный ремонт.avi"
895,"3 Технологии богов.avi"
895,"4 Поиск знаний богов.avi"
895,"5 Логика наоборот.avi"
895,"6 Великий трансформатор.avi"
1049,Vselennaja.Glazami.Teleskopa.Habbl.2008.Music.BDRip.XviD.AC3.-HQ-ViDEO.avi
1045,Jar_ptitsa_Ivana_Bilibina_(Kultura_2006).avi
1044,Alfons_Mucha.avi
826,"Pervaja_prjamaya_transljatia_HDTV_ is_cosmosa_[tfile.ru].MPG"
783,Pervoe.lunnoe.HDTVRip.avi
813,"Global Metal rus.avi"
1161,Living_on_the_moon_[tfile.ru].mkv
800,Bitva.za.Koreyu.(1.serija.).2001.DiviX.DVDRip.avi
800,Bitva.za.Koreyu.(2.serija.).2001.DiviX.DVDRip.avi
689,film01_Giotto_Leonardo.avi
689,film02_Michelandgelo_Rafael.avi
689,film03_Durer_Breigel.avi
689,film04_elGreco_vanGogh.avi
689,film05_Vermeer_Turner.avi
755,1.avi
755,2.avi
759,Tainy_finskoy_voiny_[tfile.ru].avi
665,Halhin.Gol.Neizvestnaja.vojna.2008.XviD.TVRip.avi
757,3istoria[by_ALEXX].avi
757,4istoria[by_ALEXX].avi
756,"Живая история - 1 часть - Первый секретарь (TVRip, 5 канал).avi"
756,"Живая история - 2 часть - 20 съезд (TVRip, 5 канал).avi"
756,"Живая история - 3 часть - 20 съезд (TVRip, 5 канал).avi"
756,"Живая история - 4 часть - Освобождение (TVRip, 5 канал).avi"
756,"Живая история - 5 часть - Оттепель (TVRip, 5 канал).avi"
756,"Живая история - 6 часть - Кризис содружества (TVRip, 5 канал).avi"
756,"Живая история - 7 часть - Новая жизнь (TVRip, 5 канал).avi"
756,"Живая история - 8 часть - Целина (TVRip, 5 канал).avi"
756,"Живая история - 9 часть - Шестидесятники (TVRip, 5 канал).avi"
756,"Живая история - 10 часть - Армия (TVRip, 5 канал).avi"
756,"Живая история - 11 часть - Будапешт (TVRip, 5 канал).avi"
756,"Живая история - 12 часть - Точка перелома (TVRip, 5 канал).avi"
823,"№1 Agression.avi"
823,"№2 Crushing Defeat.avi"
823,"№3 Shock.avi"
823,"№4 The World Ablaze.avi"
823,"№5 The Great Landings.avi"
823,"№6 Inferno.avi"
839,Velikaja.vojna.(Film.01.iz.18).Barbarossa.2011.XviD.DVDRip.avi
839,Velikaja.vojna.(Film.02.iz.18).Kiev.1941.2011.XviD.DVDRip.avi
839,Velikaja.vojna.(Film.03.iz.18).Oborona.Sevastopolja.2011.Xvi.avi
839,Velikaja.vojna.(Film.04.iz.18).Bitva.za.Moskvu.2011.XviD.DVDRip.avi
839,Velikaja.vojna.(Film.05.iz.18).Blokada.Leningrada.2011.XviD..avi
839,Velikaja.vojna.(Film.06.iz.18).Rzhev.2011.XviD.DVDRip.avi
839,Velikaja.vojna.(Film.07.iz.18).Stalingrad.2011.XviD.DVDRip.avi
839,Velikaja.vojna.(Film.08.iz.18).Bitva.za.Kavkaz.2011.XviD.DVDRip.avi
839,Velikaja.vojna.(Film.09.iz.18).Kurskaja.duga.2011.XviD.DVDRip.avi
839,Velikaja.vojna.(Film.10.iz.18).Ot.Dnepra.do.Odera.2011.XviD.DVDRip.avi
839,Velikaja.vojna.(Film.11.iz.18).Operacii.Bagration.2011.XviD.DVDRip.avi
839,Velikaja.vojna.(Film.12.iz.18).Bitva.za.vozduh.2011.XviD.DVD.avi
839,Velikaja.vojna.(Film.13.iz.18).Vojna.na.more.2011.XviD.DVDRip.avi
839,Velikaja.vojna.(Film.14.iz.18).Partizany.2011.XviD.DVDRip.avi
839,Velikaja.vojna.(Film.15.iz.18).Agenturnaja.razvedka.2011.XviD.DVDRip.avi
839,Velikaja.vojna.(Film.16.iz.18).Bitva.za.Germaniju.2011.XviD.DVDRip.avi
839,Velikaja.vojna.(Film.17.iz.18).Bitva.za.Berlin.2011.XviD.DVDRip.avi
839,Velikaja.vojna.(Film.18.iz.18).Vojna.s.Japoniej.2011.XviD.DVDRip.avi
802,"World War I in colour - 1.Catastrophe.avi"
802,"World War I in colour - 2.Slaughter in the trenches.avi"
802,"World War I in colour - 3.Blood in the air.avi"
802,"World War I in colour - 4.Killers of the sea.avi"
802,"World War I in colour - 5.Mayhem on the eastern front.avi"
802,"World War I in colour - 6.Victory and despair.avi"
802,"World War I in colour -7. Tactics & strategy.avi"
801,"1_Stalingrad_Der_Angriff_[tfile.ru].avi#Наступление"
801,"2_Stalingrad_Der_Kesse_[tfile.ru].avi#Котел"
801,"3_Stalingrad_Der_Untergang_[tfile.ru].avi#Разгром"
775,"Style Wars 1982.avi"
703,"Mesto.vstrechi.izm.nelzya_1.avi								"
703,Mesto.vstrechi.izm.nelzya_2.avi
703,Mesto.vstrechi.izm.nelzya_3.avi
703,Mesto.vstrechi.izm.nelzya_4.avi
703,Mesto.vstrechi.izm.nelzya_5.avi
981,none
714,"Generation P.2011.DVDRip.720x304.SNS.avi"
1216,formula_lyubvi.avi
835,"Ogniem i Mieczem 1-2.avi"
835,"Ogniem i Mieczem 3-4.avi"
923,"Ne dumay pro belyh obezyan.avi"
1043,Handel_Julius_Caesar-1984_cut01.avi
1043,Handel_Julius_Caesar-1984_cut02.avi
1043,Handel_Julius_Caesar-1984_cut03.avi
1043,Handel_Julius_Caesar-1984_cut04.avi
1043,Handel_Julius_Caesar-1984_cut05.avi
836,yunost_petra_part_1.avi
836,yunost_petra_part_2.avi
1042,"01_Nozze_Paris.avi#Увертюра"
1042,"02_Nozze_Paris_act_I.avi#Акт 1, Aria 2, ""Cinque... dieci... venti..."""
1042,"03_Nozze_Paris_act_I.avi#Act 1, Aria 4, ""Se a caso Madama la notte ti chiama"""
1042,"006_Nozze_Paris_act_I_cherubino.avi#Акт 1, Aria 18, ""Cos'è questa commedia? (Conte, Figaro, Susanna)"""
1037,"Mozart_Giovanni_Verbier_Don_Giovanni_Fin ch_han dal vino.avi"
852,Il_Decameron_HDRip.avi
851,racconti_di_canterbury_i.mp4
850,tcvetok.1001.nochi.1974_[torrents.ru].avi
1213,tot_samyy_myunkhgauzen_part_1.avi
1213,tot_samyy_myunkhgauzen_part_2.avi
1244,0
1255,0
1257,0
1259,0
1260,0
892,"jouet_le.avi "
879,fanfan_la_tulipe2003.avi
674,"Трудно быть богом Аркадий и Борис Стругацких.mp4"
887,"zhmurki.avi "
899,Brat.1997.HDRip.mkv
849,A.Fish.Called.Wanda.1988_HDRip_[scarabey.org].avi
849,A.Fish.Called.Wanda.mkv
1261,"Масяня. Эпизод 2. Модем.mp4"
1261,"Масяня. Эпизод 6. Амстердам.mp4"
1261,"Масяня. Эпизод 8. Масяня и Сплин.mp4"
1261,"Масяня. Эпизод 16. Сладкие грёзы.mp4"
1261,"Масяня. Эпизод 18. Подарочки.mp4"
1261,"Масяня. Эпизод 19. Шоу-бизнес.mp4"
1261,"Масяня. Эпизод 20. Даунлоад.mp4"
1261,"Масяня. Эпизод 24. Городские ужасы.mp4"
1261,"Масяня. Эпизод 26. Колёса.mp4"
1261,"Масяня. Эпизод 29. На измене.mp4"
1261,"Масяня. Эпизод 40. Таблетки на Блюхера.mp4"
1261,"Масяня. Эпизод 43. Хомяк.mp4"
1261,"Масяня. Эпизод 45. Принц Альберт.mp4"
1261,"Масяня. Эпизод 46. Попсня.mp4"
1261,"Масяня. Эпизод 56. Околобаха.mp4"
1261,"Масяня. Эпизод 72. Ночной эльф.mp4"
1261,"Масяня. Эпизод 108. Ядрёный взрыв.mp4"
1262,matematik_devil.avi
660,snatch.avi
1258,0
1256,kak-possorilsya-ivan-ivanovich-s-ivanom-nikiforovichem.mp4
1254,Revizor.avi
731,rublev-video_ts-02.ogv
731,rublev-video_ts-03.ogv
746,my_family.mpg
1242,"A.зори_здесь_тихие.2015.O.WEBRip.1.46Gb.avi"
1101,"Strela. Absolyutnoe oruzhie.Choi-jong-byeong-gi Hwal.BDRip-AVC.mkv"
664,Victor.Astafyev.Drugaya.voyna.2010.DivX.TVRip.avi
874,airplane_ii_the_sequel.avi
702,airplane.avi
694,Avatar.EXTENDED.2010.D.HDRip.V2.ELEKTRI4KA.avi
733,apocalypto.avi
2,Argentina.2008.DVDRip.avi
1253,"Ruthless People.avi"
1246,Balzak_i_portniha-kitajanochka_[torrents.ru].avi
1237,Gran_budushhego.2014.D.BDRip.720p_KinoGadget.and.KinoXa.mp4
1236,Taras.Bulba.2009.BDRip.JRG.avi
1229,"Россия_Белая Гвардия_1.avi"
1229,"Россия_Белая Гвардия_2.avi"
1229,"Россия_Белая Гвардия_3.avi"
1229,"Россия_Белая Гвардия_4.avi"
989,Anthony.Burgess.TV-rip.by.mikloeff.avi
796,brilliantovaya_ruka.avi
844,"Juana la Loca.avi"
695,baryshnya_i_huligan.mp4
900,Brat_2_2.18.avi
900,bart-2_about.avi
7,"Sin_nombre.avi "
1248,"Inside.No.9_S02/01_La Couchette.avi#Ночное купе"
1248,"Inside No.9_S01/Inside No 9 [01x01] Sardines.avi#Сардины"
1248,"Inside.No.9_S02/04_Cold Comfort.avi#Помощь и поддержка"
1248,"Inside.No.9_S02/05_Nana's Party.avi#Бабулин праздник"
1248,"Inside.No.9_S02/06_Seance Time.avi#Конец сеанса"
1248,"Inside No.9_S01/Inside No 9 [01x02] A Quiet Night In.avi#Тихая ночь"
1248,"Inside No.9_S01/Inside No 9 [01x04] The Last Gasp.avi#Последний вздох"
1248,"Inside No.9_S01/Inside No 9 [01x05] The Understudy.avi#Дублёр"
1248,"Inside No.9_S01/Inside No 9 [01x06] The Harrowing.avi#Сошествие"
1245,Babel.2006.HDRip.mp4
825,v_nachale_slavnykh_del_part_1.avi
825,v_nachale_slavnykh_del_part_2.avi
732,jazz.ogv
898,"voina.avi "
898,Voina.2002.XviD.DVDRip.avi
10,Vdal.Uplyvajut.Oblaka.avi
723,shurik_1965.avi
716,La_methode_anglaise(2004)SATRip.avi
913,Moliere.2007.DVDRip.x264.ac3.srt.tRuAVC.mkv
666,"El perro del hortelano.avi"
1249,Der.Stolz.der.3.Kompanie.1932.Ger.[vo.satkur+ger].AC3.Rus.avi
872,"12 stoels 1.avi"
872,"12 stoels 2.avi"
1231,Duhless_2012_BDRip_by_Dalemake.avi
722,kavkaz_1966.avi
883,Sherlock.Jr.avi
926,Stalker.avi
