entity_id,field_subfolder_value
4,video/films/M
6,video/films/G/Gilliam/Brazil
8,video/films/P/Popularmusik_fran_Vittula
9,"video/films/K/Aki_Kaurismaki/Девушка со спичечной фабрики"
11,"video/films/K/Aki_Kaurismaki/Береги свою косынку, Татьяна"
13,video/films/D/Dzhek.vosmerkin.amerikanec_[tfile.ru]
154,video/films/K/.
155,video/films/H/.
156,video/films/T/tainy_dvorcovih_perevorotov/.
157,video/films/C/.
158,"video/films/G/Guy Ritchie/."
159,"video/films/G/Guy Ritchie/."
160,"video/films/E/Elizabeth I/."
161,"video/films/F/Friedliche Zeiten/."
162,video/films/0_documental/biography/.
163,video/films/0_documental/.
164,video/films/E/El_perro_del_hortelano/.
165,video/video_opera/parts/Handel_Julius_Caesar_1984/.
166,"video/video_opera/full/Mozart_Don_Giovanni_2001_Zurich_Flimm/don giovanni 1"
167,video/video_opera/full/.
168,video/video_opera/full/Rossini-Il.barbiere.di.Siviglia.1989.DVDRip/.
169,video/video_opera/parts/Mozart_Figaro_Nozze_Paris/.
170,video/films/I/.
171,video/films/P/Pasolini/.
172,"video/films/T/Trudno bit bogom/."
173,video/films/A/.
174,video/films/F/.
175,video/films/H/Der_Hauptmann_von_Kepenick/.
176,"video/films/Z/Звезды русского авангарда/."
177,video/films/E/.
178,video/films/D/.
179,"video/films/C/Clockwork Orange_1.46/."
180,video/films/I/.
181,video/films/C/Cabare.1972/.
182,video/films/O/.
183,video/films/O/.
184,video/films/M/Metropolis/.
185,video/films/A/.
186,video/films/D/DieFeuerzahngenbowle/.
187,"video/films/G/The Great World Masterpieces/."
188,video/films/T/.
189,video/films/R/russian_horror_stories/.
190,video/films/W/.
191,video/films/D/.
192,video/films/A/.
193,video/films/B/.
194,video/films/V/.
195,video/films/T/telephonnaya_budka_[torrents.ru]/.
196,video/films/D/.
197,video/films/E/esenin/.
198,video/films/01/.
199,video/films/H/.
200,video/films/A/.
201,video/films/.
202,video/films/T/.
203,video/films/S/Submarino/.
204,video/films/J/Jaime/.
205,video/films/01/13.rosas.las.(2007)/.
206,video/films/L/.
207,video/films/A/.
208,video/films/R/.
209,video/films/P/.
210,video/films/B/.
211,video/films/B/.
212,video/films/G/.
213,video/films/S/.
214,video/films/L
215,video/films/A
216,video/films/R
217,"video/films/P/1988 - Point de fuite"
218,video/films/G
219,"video/films/M/Most people live in China"
220,video/films/G/Leonid_Gayday
221,video/films/G/Leonid_Gayday
222,video/films/G/Leonid_Gayday
223,video/films/F/fight_club
224,video/films/B
225,video/films/0_convert_films
226,video/films/0_convert_films
227,video/films/A
228,video/films/A/Les.Aventuriers_DUB_1.45
229,video/films/.
230,video/films/0_comedy
231,video/films/.
232,video/films/0_comedy
233,video/films/0_comedy
234,video/films/.
235,video/films/0_comedy/kin-dza-dza
236,video/films/.
237,video/films/.
238,video/films/.
239,video/films/.
240,video/films/.
241,video/films/.
242,video/films/.
243,video/films/mult
244,video/films/.
245,video/films/.
246,"video/films/
Clark.Larry"
247,"video/films/
Clark.Larry"
248,video/films/.
249,video/films/.
250,"video/films/
Qatsi_(trilogy_Godfrey_ Reggio)/Koyaanisqatsi.DvdRip.DivX.avi
Qatsi_(trilogy_Godfrey_ Reggio)/Naqoyqatsi.DvdRip.Xvid.avi
Qatsi_(trilogy_Godfrey_ Reggio)"
251,video/films/.
252,video/films/.
253,"video/films/
Battelfield - Manchuria. The Forgotten Victory/1.avi
Battelfield - Manchuria. The Forgotten Victory"
254,video/films/.
255,"video/films/
russia_the_missing_years/3istoria[by_ALEXX].avi
russia_the_missing_years"
256,video/films/.
257,video/films/.
258,video/films/.
259,video/films/.
260,video/films/.
261,video
262,"video/video_opera/full/Mozart_Don_Giovanni_2001_Zurich_Flimm/don giovanni 1"
263,"video/films/Z/Звезды русского авангарда/."
264,video/films/O/.
265,video/films/V/.
266,video/films/L
267,video/films/A
268,video/films/R
269,"video/films/P/1988 - Point de fuite"
270,video/films/G
271,"video/films/M/Most people live in China"
272,video/films/G/Leonid_Gayday
273,video/films/G/Leonid_Gayday
274,video/films/G/Leonid_Gayday
275,video/films/F/fight_club
276,video/films/B
277,video/films/0_convert_films
278,video/films/0_convert_films
279,video/films/A
280,video/films/A/Les.Aventuriers_DUB_1.45
281,video/films/0_comedy
282,video/films/0_comedy
283,video/films/0_comedy
284,video/films/0_comedy/kin-dza-dza
285,video/films/mult
286,"video/films/
Clark.Larry"
287,"video/films/
Clark.Larry"
288,"video/films/
Qatsi_(trilogy_Godfrey_ Reggio)/Koyaanisqatsi.DvdRip.DivX.avi
Qatsi_(trilogy_Godfrey_ Reggio)/Naqoyqatsi.DvdRip.Xvid.avi
Qatsi_(trilogy_Godfrey_ Reggio)"
289,"video/films/
Battelfield - Manchuria. The Forgotten Victory/1.avi
Battelfield - Manchuria. The Forgotten Victory"
290,"video/films/
russia_the_missing_years/3istoria[by_ALEXX].avi
russia_the_missing_years"
292,"video/video_opera/full/Mozart_Don_Giovanni_2001_Zurich_Flimm/don giovanni 1"
293,"video/films/Z/Звезды русского авангарда/."
294,video/films/O/.
295,video/films/V/.
296,video/films/P/.
297,video/films/L
298,video/films/A
299,video/films/R
300,"video/films/P/1988 - Point de fuite"
301,video/films/G
302,"video/films/M/Most people live in China"
303,video/films/G/Leonid_Gayday
304,video/films/G/Leonid_Gayday
305,video/films/G/Leonid_Gayday
306,video/films/F/fight_club
307,video/films/B
308,video/films/0_convert_films
309,video/films/0_convert_films
310,video/films/A
311,video/films/A/Les.Aventuriers_DUB_1.45
312,video/films/0_comedy
313,video/films/0_comedy
314,video/films/0_comedy
315,video/films/0_comedy/kin-dza-dza
316,video/films/.
317,video/films/mult
318,"video/films/
Clark.Larry"
319,"video/films/
Clark.Larry"
320,"video/films/
Qatsi_(trilogy_Godfrey_ Reggio)"
321,video/films/.
322,"video/films/
Battelfield - Manchuria. The Forgotten Victory"
323,"video/films/
russia_the_missing_years"
324,video/films/.
325,video/films/.
326,video/films/.
327,video/films/.
328,video/films/.
329,video/films/.
330,video/films/.
331,"video/films/
born_in_ussr/14.avi
born_in_ussr/21_1.avi
born_in_ussr"
332,video/films/.
333,video/films/.
334,video/films/.
335,video/films/.
336,video/films/.
337,video/films/.
338,video/films/.
339,video/films/.
340,video/films/.
341,video/films/.
342,video/films/.
343,video/films/.
344,video/films/.
345,video/films/.
346,video/films/.
347,video/films/.
348,video/films/.
349,video/films/.
350,video/films/.
351,video/films/.
352,video/films/.
353,video/films/.
354,video/films/.
355,video/films/.
356,video/films/.
357,video/films/.
358,video/films/Leonid_Gayday
359,video/films/.
360,video/films/.
361,video/films/.
362,video/films/.
363,video/films/.
364,video/films/.
365,video/films/.
366,video/films/.
367,video/films/.
368,video/films/.
369,video/films/.
370,video/films/.
371,video/films/.
372,video/films/.
373,video/films/.
374,video/films/.
375,video/films/.
376,video/films/.
377,video/films/.
378,video/films/.
379,video/films/.
380,video/films/mult
382,video/films/.
383,video/films/.
384,video/films/.
385,video/films/.
386,video/films/.
387,video/films/.
388,video/films/.
389,video/films/.
390,video/films/.
391,video/films/.
392,video/films/.
393,video/films/.
394,video/films/.
395,video/films/.
396,video/films/.
397,video/films/.
398,video/films/.
399,video/films/.
400,video/films/.
401,video/films/.
402,video/films/.
403,video/films/R/.
404,video/films/.
405,video/films/.
406,video/films/.
407,video/films/.
408,video/films/.
409,video/films/.
410,video/films/.
411,video/films/.
412,video/films/.
413,video/films/.
414,video/films/.
415,video/films/.
416,video/films/.
417,video/films/.
418,video/films/.
419,video/films/.
420,video/films/0_comedy
421,video/films/.
422,video/films/.
423,video/films/.
424,video/films/.
425,video/films/.
426,video/films/.
427,video/films/.
428,video/films/.
429,video/films/.
430,video/films/.
431,video/films/.
432,video/films/.
433,video/films/.
434,video/films/.
435,video/films/.
436,"video/films/
airplane_ii_the_sequel.avi
0_comedy"
437,video/films/0_comedy
438,video/films/.
439,video/films/.
440,video/films/.
441,video/films/http://mycomp/video2/0_comedy
442,video/films/.
443,video/films/0_comedy
444,video/films/.
445,video/films/http://mycomp/video2/0_comedy
446,video/films/S
447,video/films/.
448,video/films/.
449,video/films/.
450,video/films/0_comedy
451,video/films/.
452,video/films/.
453,video/films/.
454,video/films/.
455,video/films/.
456,video/films/0_documental
457,video
458,"video/video_opera/full/Mozart_Don_Giovanni_2001_Zurich_Flimm/don giovanni 1"
459,"video/films/Z/Звезды русского авангарда/."
460,video/films/O/.
461,video/films/V/.
462,video/films/L
463,video/films/A
464,video/films/R
465,"video/films/P/1988 - Point de fuite"
466,video/films/G
467,"video/films/M/Most people live in China"
468,video/films/G/Leonid_Gayday
469,video/films/G/Leonid_Gayday
470,video/films/G/Leonid_Gayday
471,video/films/F/fight_club
472,video/films/B
473,video/films/0_convert_films
474,video/films/0_convert_films
475,video/films/A
476,video/films/A/Les.Aventuriers_DUB_1.45
477,video/films/0_comedy
478,video/films/0_comedy
479,video/films/0_comedy
480,video/films/0_comedy/kin-dza-dza
481,video/films/mult
482,"video/films/
Clark.Larry"
483,"video/films/
Clark.Larry"
484,"video/films/
Qatsi_(trilogy_Godfrey_ Reggio)"
485,"video/films/
Battelfield - Manchuria. The Forgotten Victory"
486,"video/films/
russia_the_missing_years"
487,"video/films/
born_in_ussr/14.avi
born_in_ussr/21_1.avi
born_in_ussr"
488,video/films/Leonid_Gayday
489,video/films/mult
490,video/films/.
491,video/films/0_comedy
492,"video/films/
airplane_ii_the_sequel.avi
0_comedy"
493,video/films/0_comedy
494,video/films/http://mycomp/video2/0_comedy
495,video/films/0_comedy
496,video/films/http://mycomp/video2/0_comedy
497,video/films/S
498,video/films/0_comedy
499,video/films/0_documental
500,video
501,"video/video_opera/full/Mozart_Don_Giovanni_2001_Zurich_Flimm/don giovanni 1"
502,"video/films/Z/Звезды русского авангарда/."
503,video/films/O/.
504,video/films/V/.
505,video/films/L
506,video/films/A
507,video/films/R
508,"video/films/P/1988 - Point de fuite"
509,video/films/G
510,"video/films/M/Most people live in China"
511,video/films/G/Leonid_Gayday
512,video/films/G/Leonid_Gayday
513,video/films/G/Leonid_Gayday
514,video/films/F/fight_club
515,video/films/B
516,video/films/0_convert_films
517,video/films/0_convert_films
518,video/films/A
519,video/films/A/Les.Aventuriers_DUB_1.45
520,video/films/0_comedy
521,video/films/0_comedy
522,video/films/0_comedy
523,video/films/0_comedy/kin-dza-dza
524,video/films/mult
525,"video/films/
Clark.Larry"
526,"video/films/
Clark.Larry"
527,"video/films/
Qatsi_(trilogy_Godfrey_ Reggio)"
528,"video/films/
Battelfield - Manchuria. The Forgotten Victory"
529,"video/films/
russia_the_missing_years"
530,"video/films/
born_in_ussr/14.avi
born_in_ussr/21_1.avi
born_in_ussr"
531,video/films/Leonid_Gayday
532,video/films/mult
533,video/films/0_comedy
534,"video/films/
airplane_ii_the_sequel.avi
0_comedy"
535,video/films/0_comedy
536,video/films/http://mycomp/video2/0_comedy
537,video/films/0_comedy
538,video/films/http://mycomp/video2/0_comedy
539,video/films/S
540,video/films/0_comedy
541,video/films/0_documental
542,video
543,"video/video_opera/full/Mozart_Don_Giovanni_2001_Zurich_Flimm/don giovanni 1"
544,"video/films/Z/Звезды русского авангарда/."
545,video/films/O/.
546,video/films/V/.
547,video/films/P/.
548,video/films/L
549,video/films/A
550,video/films/R
551,"video/films/P/1988 - Point de fuite"
552,video/films/G
553,"video/films/M/Most people live in China"
554,video/films/G/Leonid_Gayday
555,video/films/G/Leonid_Gayday
556,video/films/G/Leonid_Gayday
557,video/films/F/fight_club
558,video/films/B
559,video/films/0_convert_films
560,video/films/0_convert_films
561,video/films/A
562,video/films/A/Les.Aventuriers_DUB_1.45
563,video/films/0_comedy
564,video/films/0_comedy
565,video/films/0_comedy
566,video/films/0_comedy/kin-dza-dza
567,video/films/.
568,video/films/mult
569,"video/films/
Clark.Larry"
570,"video/films/
Clark.Larry"
571,"video/films/
Qatsi_(trilogy_Godfrey_ Reggio)"
572,video/films/.
573,"video/films/
Battelfield - Manchuria. The Forgotten Victory"
574,"video/films/
russia_the_missing_years"
575,video/films/.
576,video/films/.
577,video/films/.
578,"video/films/
born_in_ussr/14.avi
born_in_ussr/21_1.avi
born_in_ussr"
579,video/films/.
580,video/films/Leonid_Gayday
581,video/films/mult
582,video/films/.
583,video/films/.
584,video/films/.
585,video/films/0_comedy
586,"video/films/
airplane_ii_the_sequel.avi
0_comedy"
587,video/films/0_comedy
588,video/films/http://mycomp/video2/0_comedy
589,video/films/0_comedy
590,video/films/http://mycomp/video2/0_comedy
591,video/films/S
592,video/films/0_comedy
593,video/films/0_documental
594,video/films/.
595,video/films/.
596,video/films/.
597,video/films/.
598,video/films/.
599,video/films/.
600,video/films/http://mycomp/video2/Gilliam
601,video/films/Gilliam
602,video/films/.
603,video/films/.
604,video/films/.
605,video/films/.
606,video/films/.
607,video/films/.
608,video/films/.
609,video/films/.
610,video/films/.
611,video/films/.
612,video/films/.
613,video/films/.
614,video/films/.
615,video/films/http://mycomp/video2/0_comedy
616,video/films/.
617,video/films/.
618,video/films/.
619,video/films/Jos_Stelling
620,"video/films/Mamin,Yuriy"
621,video/films/.
622,"video/films/Mamin,Yuriy"
623,"video/films/M/Mamin,Yuriy/."
624,"video/films/Mamin,Yuriy"
625,video/films/.
626,video/films/Roy_Andersson
627,video/films//Roy_Andersson
628,video/films//Roy_Andersson
629,video/films/.
630,video/films/.
631,video/films/.
632,video/films/.
633,video/films/.
634,video/films/.
635,video/films/.
636,video/films/.
637,video/films/.
638,video/films/.
639,video/films/.
640,video/films/.
641,video/films/.
642,video/films/.
643,video/films/.
644,video/films/.
645,video/films/http://mycomp/video2/0_comedy
646,video/films/.
647,video/films/.
648,video/films/.
649,video/films/.
650,video/films/.
651,video/films/.
652,video/films/.
653,video/films/.
654,video/films/I/Isaev_serial
655,video/films/.
657,video/films/H/.
661,"video/films/G/Guy Ritchie"
662,"video/films/E/Elizabeth I"
663,"video/films/F/Friedliche Zeiten"
668,video/video_opera/Mozart_Don_Giovanni_2001_Zurich_Flimm
669,video/video_opera
670,video/video_opera/Rossini-Il.barbiere.di.Siviglia.1989.DVDRip
671,video/music_video
672,video/films/I
673,video/films/P/Pasolini
675,video/films/A
678,"video/documental_video/Звезды русского авангарда"
679,video/films/E
681,"video/films/C/Clockwork Orange_1.46"
682,video/films/I
684,"video/films/O/О бедном гусаре замолвите слово_AVC"
685,video/films/O
686,video/films/M/Metropolis
687,video/films/A
691,video/films/R/russian_horror_stories
692,video/films/W
697,video/films/T/telephonnaya_budka_[torrents.ru]
699,video/films/E/esenin
706,video/films/J/Jaime
707,video/films/0/13.rosas.las.(2007)
708,video/films/L
709,video/documental_video
711,video/documental_video/documental_cosmos
712,video/films/B
713,video/films/B
718,video/films/R
719,"video/films/P/1988 - Point de fuite"
720,video/films/G
721,"video/films/M/Most people live in China"
724,video/films/G/Leonid_Gayday
725,video/films/F/fight_club
727,video/films/D
728,video/films/T
729,video/films/A
730,video/films/A/Les.Aventuriers_DUB_1.45
735,video/films/R
738,video/films/T
739,video/films/C
740,video/films/CH
741,video/documental_video
742,video/documental_video
745,video/films/T
747,video/films/CH
749,video/films/C/Clark.Larry
750,video/films/J
751,video/films/M
752,"video/films/Q/Qatsi_(trilogy_Godfrey_ Reggio)"
758,video/films/T/Tillsammans
761,video/films/.
762,video/films/.
763,"video/documental_video/The children of Hitler.Hitler-Jugend"
764,video/films/.
765,video/films/.
768,video/films/.
769,video/documental_video/born_in_ussr
770,video/films/.
771,video/films/.
772,video/films/.
777,video/documental_video/documental_cosmos
778,video/films/.
779,video/films/S
781,video/films/O
785,video/films/Z
786,video/films/.
787,video/films/.
791,video/films/D
793,video/films/M
798,video/films/0
799,video/films/.
804,video/films/.
806,video/films/Z/Zolotoy_telenok_DVDRip
807,video/films/.
808,video/films/A
809,video/films/A
810,video/films/L
811,video/films/A
812,video/films/.
818,video/mult
819,video/films/S/Jos_Stelling
822,video/documental_video
824,video/films/B
827,video/films/A/Ameli
828,"video/films/B/Bolshaja peremena"
830,video/films/W
831,video/films/P
832,video/films/J
834,video/films/T
837,video/films/.
838,video/films/.
840,video/films/M
841,video/films/R
843,video/films/T
845,video/films/F
846,video/films/I
847,video/films/SH
855,video/films/P
857,video/films/B
858,video/films/F
859,video/films/G
862,video/films/O
863,video/films/P
865,video/films/R
866,video/films/SH
868,video/films/S
869,video/films/L
870,video/films/YA
871,video/films/D
876,video/films/B
877,video/films/E
880,video/films/F
881,video/films/K
885,video/films/S
893,video/films/B
894,video/documental_video
896,video/films/M
901,video/films/G/Gilliam
903,video/films/O/OneFlewOverTheCokoosNest
904,"video/films/T/Tarantino/pulp fiction"
905,video/films/T/Tarantino
907,video/films/T/Tarantino/ReservoirDogs
908,video/films/F/FullMetalJacket
909,video/films/C
910,video/films/V/Veber
911,video/films/V/Veber
916,video/films/F
919,video/films/S/Jos_Stelling
920,video/films/S/Jos_Stelling
921,"video/films/M/Mamin,Yuriy"
922,"video/films/M/Mamin,Yuriy"
924,"video/films/M/Mamin,Yuriy"
925,"video/films/M/Mamin,Yuriy"
927,video/films/A/Roy_Andersson
929,video/films/A/Roy_Andersson
930,video/films/B
931,video/films/CH
932,video/films/T
935,video/films/D
938,video/films/I
941,video/films/S
943,video/films/.
944,video/films/G
945,video/films/O
946,video/films/R
947,video/films/.
948,video/films/C
949,video/films/.
950,video/films/M
952,video/films/K
953,video/films/U
956,video/films/0_documental/Bronya.Rossii.(10.serii.iz.10).2009.DivX.DVDRip_Kinozal.TV
958,video/documental_video
959,video/documental_video
960,"video/films/G/Gilliam/2011 The Wholly family"
961,video/films/M/Mishima.1985.Paul.Schrader
963,video/films/0/71_Fragmente
965,video/films/A
967,video/films/01
979,video/videoclips/S/Saint-Saens
980,video/films/S/Samsara
986,video/films/C
1005,video/funs/Monty.Python
1012,video/funs/Monty.Python
1013,video/videoclips/CH
1016,video/videoclips/B
1017,video/videoclips
1025,video/videoclips/M/Mozart
1027,video/videoclips/H
1029,video/videoclips/SH
1030,video/videoclips/B
1032,video/videoclips/S/Saint-Saens
1034,video/videoclips/P
1036,video/videoclips/B
1048,video/documental_video/documental_cosmos
1053,video/films/0
1054,video/films/0
1060,video/videoclips/A
1061,video/videoclips/A
1062,video/videoclips/A
1063,video/videoclips/A
1064,video/videoclips/A
1065,video/videoclips/A
1066,video/videoclips/A
1067,video/videoclips/A
1068,video/videoclips/A
1069,video/videoclips/A
1070,video/videoclips/A
1071,video/videoclips/B
1072,video/videoclips/B
1073,video/videoclips/B
1074,video/videoclips/B
1080,video/films/0_documental/Namedni
1081,video/funs/Lizedei
1084,video/mult
1085,video/films/T/Tarantino
1087,"video/video_lessons/Yii framework"
1088,video/video_lessons
1089,video/funs/Monty.Python/Ne.krutite.ruchku.nastroyki.1967-1969.XviD.DVDRip-weconty
1092,video/documental_video
1094,"video/films/O/Ofelas (1987)"
1097,video/films/O
1098,video/films/G/the_great_dictator.1940.DUAL.BDRip.XviD.AC3.-HQCLUB
1100,video/films/K
1102,video/films/T/Troe_v_puti
1103,video/films/T/Tsukigami
1108,video/films/S
1111,video/videoclips/E
1112,video
1113,video
1116,video/videoclips/W
1117,video/videoclips/B
1118,video/videoclips/R
1119,video/videoclips/H
1120,video/videoclips/CH
1121,video/videoclips/B
1122,video/mult
1123,video/videoclips/K/Kraftwerk
1124,video/videoclips/T
1125,video
1127,video/films/T
1128,video/videoclips/M/Manowar
1130,video/videoclips/M
1131,video/funs/KVN
1132,video/videoclips/I
1133,video/videoclips/M
1134,"video/videoclips/N/Napalm Death"
1135,video/videoclips/O
1136,video/videoclips/N
1137,video/videoclips/I
1138,video/videoclips/S
1139,video/videoclips/M
1140,video/videoclips/M
1142,"video/videoclips/S/Siouxsie and the Banshees"
1143,video/videoclips/E/elo
1144,video/videoclips/P/piknik
1145,video/films/A/Roy_Andersson
1146,video/videoclips/K
1147,"video/videoclips/B/Brutal Truth"
1148,video/videoclips/B
1149,video/videoclips/D
1150,video/videoclips/G
1151,"video/videoclips/S/SoaD Clips"
1152,video/videoclips/P
1153,video/videoclips/N
1154,"video/videoclips/N/Ночные снайперы"
1155,video/videoclips/M
1156,video/videoclips/I
1160,video/videoclips/K
1162,video/videoclips/M
1163,video/videoclips/V
1164,video/videoclips/N
1165,video/videoclips/C
1166,video/films/V/Vremya_tsygan
1167,video/films/H
1168,video/films/0
1170,video/music_video/X
1171,video/videoclips/M
1172,"video/videoclips/CH/Чёрный кофе"
1173,video/videoclips/B/BraAgas
1174,video/videoclips/G
1175,video/videoclips/T
1176,video/films/ZH
1177,video/films/A/alf
1178,video/videoclips/P
1180,video/videoclips/C
1181,video/videoclips/D
1182,video/videoclips/D
1183,video
1184,video/videoclips/N
1185,video/videoclips/L
1186,video/funs
1187,video/documental_video
1189,video
1190,video/videoclips/R/Rowan
1191,video/videoclips/J
1192,video/videoclips/T
1193,video/videoclips/Z
1194,"video/videoclips/Y/The Young Gods"
1195,video/videoclips/T
1196,video/videoclips/T
1197,video/videoclips/T
1198,video
1202,video/videoclips/S/Sodom
1203,video/funs
1205,video/funs
1206,video/films/C/Sancho_s_rancho
1207,video/films/K
1209,video/videoclips/S
1210,video/videoclips/T
1211,video
1212,video/films/M/Mihailo_Lomonosov
1214,video/films/N
1114,"video/videoclips/SH/Шлюз"
1129,video/videoclips/S/SKA-P
1059,video/videoclips/P/Psalteria
717,video/films/A
966,video/films/G
748,"video/films/C/Clark.Larry/Wassup Rockers"
942,video/films/S
1115,video/videoclips/W
734,video/films/X
1228,video/music_video/chants
659,video/films/C/
962,video/films/F
886,video/films/W
897,video/films/B/brave_heart
736,video/films/P
704,video/films/T
914,video/films/S
912,video/films/SH
1095,video/films/D/Delicatessen.1991.BDRip.HQCLUB
1099,video/films/B
860,video/films/H
1230,video/films/F/Favorit(8.serij.iz.8).2005.XviD.DVDRip
878,video/films/D
1226,video/music_video/chants
1107,video/video_opera/Faust.Gounod.2004
1158,video/videoclips/SH
1001,video/funs/Monty.Python
1215,video/films/O
1204,video
1091,video/documental_video/yoga_for_begining
1086,video/video_lessons/PHP_CodeIgniter_2010
773,video/films/0
955,video/films/I/Isaev_serial
700,video/films/0
1090,video/documental_video/hatha-yoga
12,video/films/R
875,video/films/A
928,video/films/A/Roy_Andersson
816,video/films/D
1096,video/films/G/Leonid_Gayday
1093,video/films/D
873,video/films/0
1232,video/films/D
1233,video/films/P
1201,video/documental_video
1235,video/films/Z
1238,video/films/I
658,video/films/T/tainy_dvorcovih_perevorotov
864,video/films/P
934,video/films/D
683,video/films/C/Cabare.1972
889,video/films/H
890,video/films/H
1239,video/films/S
1241,video/films/D
1243,video/films/SH
1225,video/music_video/chants
848,video/films/I
964,video/films/W
676,video/films/F
1199,"video/music_video/Mozart-Bohm - Symphnies"
891,video/films/T
1038,video
936,video/films/E
656,video/films/K
737,video/films/K/kin-dza-dza
915,video/films/D
884,video/films/S
1247,"video/films/B/Black Mirror Kybik v Kybe"
677,video/films/H/Der_Hauptmann_von_Kepenick
688,video/films/D/DieFeuerzahngenbowle
1250,video/films/K
1251,video/films/M
1252,video/films/C
888,video/films/S/Sobachye_serdce
797,video2/films/0
987,"video2/films/A/Anders Thomas Jensen.Ernst & Lyset (1996) Subs"
990,video2/films/C/Carla_s.Song
680,video2/films/D
698,video2/films/D
933,video2/films/D
1110,"video2/films/D/Djeca_Children of Sarajevo"
693,video2/films/D
833,video2/films/F
795,video2/films/F
854,video2/films/F
937,video2/films/G
853,video2/films/I
939,video2/films/I
906,video2/films/K
784,video2/films/K
1234,video2/films/K
753,video2/films/L
1217,"video2/films/M/Mean Streets"
821,"video2/films/N/North Korea - A Day in the Life"
829,video2/films/O/Ooku
1050,video2/films/P
1051,video2/films/P
815,video2/films/P
782,video2/films/R
820,video2/films/S/Jos_Stelling
917,video2/films/S/Jos_Stelling
918,video2/films/S/Jos_Stelling
1200,video2/films/S/Shadows.in.the.palace
705,video2/films/S/Submarino
1109,video2/films/S
856,video2/films/S
940,video2/films/S
715,video2/films/S
842,video2/films/S
954,video2/films/SH/schtrafbat
803,video2/films/T
1179,video2/films/T
792,video2/films/W
814,video2/films/ZH
861,video2/films/YA
1104,video2/films/Y/Yamazakura
1240,video/documental_video/0_biography
1169,video2/documental_video/0_biography
970,video2/documental_video/0_biography
969,video2/documental_video/0_biography
696,video/documental_video/0_biography
788,video2/documental_video/0_biography
744,video2/documental_video
743,video2/documental_video/0_biography
1208,video2
1188,video2/documental_video
1126,video2/documental_video/Japan_s_War
968,video2/documental_video/0_biography
1159,video2/documental_video/0_cosmos
895,video2/documental_video/Egypt
1049,video2/documental_video/0_cosmos
1045,video/documental_video/0_art
1044,video/documental_video/0_art
826,video2/documental_video/0_cosmos
783,video2/documental_video/0_cosmos
813,video/music_video
1161,video/documental_video/documental_cosmos
800,"video/documental_video/Bitva za Koreyu.1-2 seriya[tfile.ru]torrent"
689,"video/documental_video/0_art/The Great World Masterpieces"
755,"video/documental_video/Battelfield - Manchuria. The Forgotten Victory"
759,video/documental_video
665,video/documental_video
757,video/documental_video/russia_the_missing_years
756,video/documental_video/zhivaya_istoriya_1956-seredina_veka_[torrents.ru]
823,"video/documental_video/Apocalipse The Second World War"
839,video/documental_video/Velikaja.vojna.(18.Filmov.iz.18).2011.XviD.DVDRip
802,video/films/documental_video/world_war_I_in_colour_[tfile.ru]
801,video/documental_video/Stalingrad
775,"video/documental_video/Style Wars"
703,video/films/M/Mesto.vstrechi.izm.nelzya
981,video/films/O
714,video/films/G
1216,video/films/F
835,video/films/O
923,"video/films/M/Mamin,Yuriy"
1043,video/video_opera/Handel_Julius_Caesar_1984
836,video/films/YU
1042,video/video_opera/parts/Mozart_Figaro_Nozze_Paris
1037,video/videoclips/M/Mozart
852,video/films/P/Pasolini/Il_Decameron
851,video/films/P/Pasolini
850,video/films/P/Pasolini
1213,video/films/T/tot_samyy_myunkhgauzen
1244,video
1255,video
1257,video
1259,video
1260,video
892,video/films/V/Veber
879,video/films/F
674,video/films/T
887,video/films/ZH
899,video/films/B/Balabanov/Brat
849,"video/films/F/Fish Called Wanda"
1261,video/mult/Masyanya
1262,video/films/M
660,"video/films/G/Guy Ritchie"
1258,video
1256,video/films/K
1254,video/films/R
731,video/films/R/Rublev
746,video/films/M
1242,video/films/A
1101,video/films/S
664,video2/documental_video/0_biography
874,video/films/A
702,video/films/A/
694,video/films/A
733,video/films/A
2,video/films/A
1253,video/films/R
1246,video/films/B
1237,video/films/G
1236,video2/films/T
1229,"video/films/B/РОССИЯ_БЕЛАЯ ГВАРДИЯ__SATRip_by_iriston"
989,video/documental_video/0_biography
796,video/films/G/Leonid_Gayday
844,video2/films/J
695,video2/films/B
900,video/films/B/Balabanov/Brat
7,video/films/S/Sin_nombre
1248,video/films/I
1245,video/films/B
825,video/films/V
732,video/films/J
898,video/films/V
10,video/films/K/Aki_Kaurismaki/Vdal_Uplyvajut_Oblaka
723,video/films/G/Leonid_Gayday
716,video/films/L
913,video/films/M
666,video/films/E/El_perro_del_hortelano
1249,video/films/D
872,video/films/0/12_stulyev
1231,video/films/D
722,video/films/G/Leonid_Gayday
883,video/films/SH
926,video/films/S
