nid,vid,type,title,created
1,1,page,"test media",1348375532
2,2,video,"Аргентина. Интервью с мёртвым наркодилером",1348446496
3,3,book,"фильмы",1349050120
4,4,video,"Мундштук мистера Макаллистера",1349050566
6,6,video,"Бразилия",1349100975
7,7,video,"Без имени",1349102443
8,8,video,"Народная музыка из Виттулы",1349102689
9,9,video,"Девушка со спичечной фабрики",1349103052
10,10,video,"Вдаль уплывают облака",1349136500
11,11,video,"Береги свою косынку, Татьяна",1349136972
12,12,video,"Крысиные Бега",1349492903
13,13,video,"Джек Восьмёркин-американец",1349616946
656,656,video,"Киллер",1349968077
657,657,video,"час пик 2",1349968077
658,658,video,"Тайны дворцовых переворотов",1349968077
659,659,video,"Груз",1349968077
660,660,video,"Большой куш",1349968077
661,661,video,"Карты, деньги, два ствола",1349968077
662,662,video,"Елизавета I",1349968077
663,663,video,"Мирные времена",1349968077
664,664,video,"Виктор Астафьев. Другая война",1349968077
665,665,video,"Халхин-Гол. Неизвестная война",1349968077
666,666,video,"Собака на сене",1349968077
668,668,video,"Моцарт, Дон Жуан, 2001",1349968077
669,669,video,"Don Giovanni,Verbier Festival Orchestra, 2009",1349968077
670,670,video,"Севильский цирюльник",1349968077
671,671,video,"Моцарт - Женитьба Фигаро (фильм-опера), ч.1",1349968077
672,672,video,"Изображая жертву",1349968077
673,673,video,"Евангелие от Матфея",1349968077
674,674,video,"Трудно быть Богом",1349968077
675,675,video,"Амадей",1349968077
676,676,video,"Часто задаваемые вопросы о путешествиях во времени",1349968077
677,677,video,"Капитан из Кёпеника / Сила мундира",1349968077
678,678,video,"Звезды русского авангарда",1349968077
679,679,video,"Европа",1349968077
680,680,video,"Танцующая в темноте",1349968077
681,681,video,"Заводной апельсин",1349968077
682,682,video,"Игры разума",1349968077
683,683,video,"Кабаре",1349968077
684,684,video,"О бедном гусаре замолвите слово",1349968077
685,685,video,"Осенний марафон",1349968077
686,686,video,"Метрополис",1349968077
687,687,video,"Аэлита: Королева Марса",1349968077
688,688,video,"Пунш из жжёного сахара",1349968077
689,689,video,"Величайшие шедевры мировой культуры",1349968077
691,691,video,"Русские страшилки",1349968077
692,692,video,"Мы - вундеркинды",1349968077
693,693,video,"Дрифтер",1349968077
694,694,video,"Аватар",1349968077
695,695,video,"Барышня и Хулиган",1349968077
696,696,video,"Вёселый год Маяковского",1349968077
697,697,video,"Телефонная будка",1349968077
698,698,video,"Дети Бога войны",1349968077
699,699,video,"Есенин",1349968077
700,700,video,"99 Франков",1349968077
702,702,video,"Аэроплан",1349968077
703,703,video,"Место встречи изменить нельзя",1349968077
704,704,video,"Сбрось маму с поезда",1349968077
705,705,video,"Субмарино",1349968077
706,706,video,"Жайме",1349968077
707,707,video,"13 роз",1349968077
708,708,video,"Луна 2112",1349968077
709,709,video,"ASIMO.Демонстрация возможностей робота-гуманоида АСИМО (ASIMO) от компании HONDA ",1349968077
711,711,video,"Путешествие на край Вселенной",1349968077
712,712,video,"Безмолвный Город",1349968077
713,713,video,"Бензоколонка",1349968077
714,714,video,"Поколение П",1349968077
715,715,video,"Самый грустный мальчик в мире",1349968077
716,716,video,"Учите английский",1349968077
717,717,video,"Приключения Буратино",1349968077
718,718,video,"Собеседование",1349968077
719,719,video,"Точка, стремящаяся к нулю",1349968077
720,720,video,"Гадюка",1349968077
721,721,video,"Большинство людей живут в Китае",1349968077
722,722,video,"Кавказская пленница",1349968077
723,723,video,"Операция Ы и другие приключения Шурика",1349968077
724,724,video,"Иван Васильевич меняет профессию",1349968077
725,725,video,"Бойцовский клуб",1349968077
727,727,video,"Дневной дозор",1349968077
728,728,video,"Турецкий гамбит",1349968077
729,729,video,"Афоня",1349968077
730,730,video,"Искатели приключений",1349968077
731,731,video,"Андрей Рублев",1349968077
732,732,video,"В джазе только девушки",1349968077
733,733,video,"Апокалипсис",1349968077
734,734,video,"Хоттабыч",1349968077
735,735,video,"Роман с камнем",1349968077
736,736,video,"Понедельник",1349968077
737,737,video,"Кин-дза-дза!",1349968077
738,738,video,"На игле",1349968077
739,739,video,"Копировальная контора / Ксерокс",1349968077
740,740,video,"Его новая работа",1349968077
741,741,video,"Я - киборг. Человек будущего. Какими мы станем",1349968077
742,742,video,"Мир нанотехнологий",1349968077
743,743,video,"Швамбранский адмирал. Лев Кассиль",1349968077
744,744,video,"Главная тайна республики ШКИД",1349968077
745,745,video,"Трио из Бельвилля",1349968077
746,746,video,"Моя семья и другие звери",1349968077
747,747,video,"День зарплаты",1349968077
748,748,video,"Рокеры",1349968077
749,749,video,"Ещё один день в раю",1349968077
750,750,video,"Джонни - Бешеный Пес",1349968077
751,751,video,"Метастазы",1349968077
752,752,video,"Qatsi, Трилогия Кацци (Коянискацци, Повакацци, Накойкацци)",1349968077
753,753,video,"Китаянка",1349968077
755,755,video,"Поля сражений - Маньчжурия ,забытая Победа",1349968077
756,756,video,"Живая история - 1956 год. Середина века. (12 серий)",1349968077
757,757,video,"Россия. Забытые годы. Гражданская война в России",1349968077
758,758,video,"Вместе",1349968077
759,759,video,"Тайны финской войны",1349968077
761,761,video,"С точки зрения науки: Смерть Солнца",1349968077
762,762,video,"Секретные истории. Последний день планеты",1349968077
763,763,video,"Дети Гитлера. Гитлерюгенд",1349968077
764,764,video,"Война в лесах",1349968077
765,765,video,"Армянский геноцид",1349968077
768,768,video,"Катание по Марсу",1349968077
769,769,video,"Рожденные в СССР",1349968077
770,770,video,"Четвёртая Мировая Война",1349968077
771,771,video,"Новосибирск. Город, где я.",1349968077
772,772,video,"Базирование на Луне",1349968077
773,773,video,"51-й штат",1349968077
775,775,video,"Войны стилей",1349968077
777,777,video,"BBC: Космос. Неизбежность",1349968077
778,778,video,"Десять каноэ",1349968077
779,779,video,"Скины",1349968077
781,781,video,"Луковый кинофильм",1349968077
782,782,video,"Реальный папа",1349968077
783,783,video,"Первое лунное поселение",1349968077
784,784,video,"Красный отель",1349968077
785,785,video,"Затоичи (Слепой Ичи)",1349968077
786,786,video,"Отстреливая собак",1349968077
787,787,video,"Ребята возвращаются",1349968077
788,788,video,"Чингисхан",1349968077
791,791,video,"Доктор Стрейнджлав",1349968077
792,792,video,"Мы из будущего",1349968077
793,793,video,"Мимино",1349968077
795,795,video,"Фантомас",1349968077
796,796,video,"Бриллиантовая Рука",1349968077
797,797,video,12,1349968077
798,798,video,"38-я параллель",1349968077
799,799,video,"Че: Часть первая. Аргентинец",1349968077
800,800,video,"Битва за Корею",1349968077
801,801,video,"Сталинград: Подлинная история",1349968077
802,802,video,"Первая Мировая Война в цвете",1349968077
803,803,video,"Триумф воли",1349968077
804,804,video,"Дом с привидениями",1349968077
806,806,video,"Золотой теленок",1349968077
807,807,video,"Александр Беляев. Бунт Ихтиандра",1349968077
808,808,video,"Искатель приключений",1349968077
809,809,video,"День развлечений",1349968077
810,810,video,"Раковина и священник",1349968077
811,811,video,"На Диком Западе",1349968077
812,812,video,"Бесценный доллар",1349968077
813,813,video,"Глобальный метал",1349968077
814,814,video,"Жаворонок",1349968077
815,815,video,"Пьеса для пассажира",1349968077
816,816,video,"Добро пожаловать, или Посторонним вход воспрещён",1349968077
818,818,video,"Анна-Монстр",1349968077
819,819,video,"Марикен из Ньюмейхен",1349968077
820,820,video,"Элкерлик",1349968077
821,821,video,"Северная Корея: день из жизни",1349968077
822,822,video,"Чуждые Земли",1349968077
823,823,video,"Апокалипсис: Вторая Мировая война",1349968077
824,824,video,"Бедный, бедный Павел",1349968077
825,825,video,"В начале славных дел",1349968077
826,826,video,"Первая прямая трансляция HDTV из космоса",1349968077
827,827,video,"Амели",1349968077
828,828,video,"Большая перемена",1349968077
829,829,video,"Куклы гарема Сегуна",1349968077
830,830,video,"Кто подставил Кролика Роджера",1349968077
831,831,video,"Пигмалион",1349968077
832,832,video,"Яков Лжец",1349968077
833,833,video,"Фанатик",1349968077
834,834,video,"Сумеречный самурай",1349968077
835,835,video,"Огнем и мечом",1349968077
836,836,video,"Юность Петра",1349968077
837,837,video,"Незнакомцы в поезде",1349968077
838,838,video,"Остров Даманский. 1969 год",1349968077
839,839,video,"Великая война",1349968077
840,840,video,"Новые времена",1349968077
841,841,video,"Республика Шкид",1349968077
842,842,video,"Смерть рабочего",1349968077
843,843,video,"Театральный роман",1349968077
844,844,video,"Безумие любви",1349968077
845,845,video,"Фараон",1349968077
846,846,video,"Играй как Бекхэм!",1349968077
847,847,video,"Шаги императора",1349968077
848,848,video,"Нежная Ирма",1349968077
849,849,video,"Рыбка по имени Ванда",1349968077
850,850,video,"Цветок 1001 ночи",1349968077
851,851,video,"Кентерберийские рассказы",1349968077
852,852,video,"Декамерон",1349968077
853,853,video,"Идиоты",1349968077
854,854,video,"Торжество. Догма №1",1349968077
855,855,video,"Пилат и другие - Фильм на Страстную пятницу",1349968077
856,856,video,"Собака на сене",1349968077
857,857,video,"Барри Линдон",1349968077
858,858,video,"Страх и трепет",1349968077
859,859,video,"Гидравлика",1349968077
860,860,video,"Холодное лето 53-го",1349968077
861,861,video,"Я не боюсь",1349968077
862,862,video,"Остров",1349968077
863,863,video,"Телефонная будка (2002)",1349968077
864,864,video,"Пираты Силиконовой долины",1349968077
865,865,video,"Рестлер",1349968077
866,866,video,"Шут",1349968077
868,868,video,"Звездный десант",1349968077
869,869,video,"Человек с поезда",1349968077
870,870,video,"Я",1349968077
871,871,video,"Пыль",1349968077
872,872,video,"12 Стульев",1349968077
873,873,video,"Семь нянек ",1349968077
874,874,video,"Аэроплан 2. Продолжение",1349968077
875,875,video,"Управление Гневом",1349968077
876,876,video,"Берегись автомобиля!",1349968077
877,877,video,"Экстази",1349968077
878,878,video,"Догма",1349968077
879,879,video,"Фанфан - Тюльпан",1349968077
880,880,video,"Фортуна",1349968077
881,881,video,"Курочка ряба",1349968077
883,883,video,"Шерлок младший",1349968077
884,884,video,"Шестиструнный самурай",1349968077
885,885,video,"Шпионы как мы",1349968077
886,886,video,"Плутовство (хвост виляет собакой)",1349968077
887,887,video,"Жмурки ",1349968077
888,888,video,"Собачье сердце ",1349968077
889,889,video,"Горячие Головы",1349968077
890,890,video,"Горячие Головы 2",1349968077
891,891,video,"Кровавый четверг",1349968077
892,892,video,"Игрушка",1349968077
893,893,video,"Барака",1349968077
894,894,video,"Песнь тела",1349968077
895,895,video,"Запретные темы истории. Загадки Древнего Египта",1349968077
896,896,video,"Мальчик в полосатой пижаме",1349968077
897,897,video,"Храброе сердце",1349968077
898,898,video,"Война",1349968077
899,899,video,"Брат",1349968077
900,900,video,"Брат 2",1349968077
901,901,video,"Монти Пайтон И Святой Грааль",1349968077
903,903,video,"Пролетая над гнездом кукушки",1349968077
904,904,video,"Криминальное Чтиво",1349968077
905,905,video,"Отчаянный",1349968077
906,906,video,"Как я провел этим летом",1349968077
907,907,video,"Бешеные псы",1349968077
908,908,video,"Цельнометаллическая оболочка",1349968077
909,909,video,"Кодер",1349968077
910,910,video,"Беглецы",1349968077
911,911,video,"Хамелеон",1349968077
912,912,video,"Детектив Шафт",1349968077
913,913,video,"Мольер",1349968077
914,914,video,"Статский советник ",1349968077
915,915,video,"Джентльмены удачи",1349968077
916,916,video,"Сказ про Федота-стрельца",1349968077
917,917,video,"Душка",1349968077
918,918,video,"Иллюзионист",1349968077
919,919,video,"Ни поездов, ни самолетов",1349968077
920,920,video,"Галерея",1349968077
921,921,video,"Бакенбарды",1349968077
922,922,video,"Фонтан",1349968077
923,923,video,"Не думай про белых обезьян",1349968077
924,924,video,"Окно в Париж",1349968077
925,925,video,"Праздник Нептуна",1349968077
926,926,video,"Сталкер",1349968077
927,927,video,"Шведская история любви",1349968077
928,928,video,"Песни со второго этажа",1349968077
929,929,video,"Ты, живущий",1349968077
930,930,video,"Весна, Лето, Осень, Зима... И Снова Весна",1349968077
931,931,video,"Чужая",1349968077
932,932,video,"Цирк сгорел и клоуны разбежались",1349968077
933,933,video,"Дом Солнца",1349968077
934,934,video,"Донни Браско",1349968077
935,935,video,"Мой друг Иван Лапшин",1349968077
936,936,video,"Эксперимент 2: Волна",1349968077
937,937,video,"Гадкие лебеди",1349968077
938,938,video,"И на камнях растут деревья",1349968077
939,939,video,"Исчезнувшая империя",1349968077
940,940,video,"Стать Джоном Ленноном",1349968077
941,941,video,"Легенды Риты",1349968077
942,942,video,"Пекло",1349968077
943,943,video,"Машина Времени",1349968077
944,944,video,"Наверное, Боги сошли с ума",1349968077
945,945,video,"Облако-рай",1349968077
946,946,video,"Розенкранц и Гильденстерн мертвы",1349968077
947,947,video,"Безжалостные Люди",1349968077
948,948,video,"Замок",1349968077
949,949,video,"Процесс",1349968077
950,950,video,"Мастер и Маргарита",1349968077
952,952,video,"Кукушка",1349968077
953,953,video,"Закат",1349968077
954,954,video,"Штрафбат",1349968077
955,955,video,"Исаев",1349968077
956,956,video,"Броня России",1349968077
958,958,video,"Штурм сознания. В поисках новой Земли",1350052949
959,959,video,"Россия 2045. Электронный мозг, Нейрогаджеты и хранилище сознания",1350053099
960,960,video,"Всятое семейство",1350053476
961,961,video,"Мисима: Жизнь в четырех главах",1350053856
962,962,video,"Фауст",1350054325
963,963,video,"71 фрагмент хронологии случайностей",1350055164
964,964,video,"Во Ху:Тайная Операция / Операция ""Крадущиеся тигры""",1350055692
965,965,video,"Абель",1350056768
966,966,video,"Новые сказки братьев Гримм",1350057636
967,967,video,"Три на три / 3x3",1350057787
968,968,video,"Гендель: Жизнь музыкального кумира",1350058100
969,969,video,"Партитуры не горят. Леопольд Моцарт",1350058321
970,970,video,"Петр Мамонов. Черным по белому",1350058433
972,972,page,"Алфавитный каталог",1350121066
973,973,book,"комедия",1352606402
974,974,book,"драма",1352606538
975,975,book,"биография",1352607014
976,976,book,"короткометражный",1352607169
977,977,book,"фантастика",1352607591
979,979,video,"Сен-Санс",1352902758
980,980,video,"Самсара",1353151762
981,981,video,"Особенности национальной охоты",1353155695
985,985,book,"трагикомедия",1353244023
986,986,video,"Курьер",1353244232
987,987,video,"Эрнст и свет",1353245067
988,988,book,"документальный",1353249852
989,989,video,"Энтони Берджесс. Механик апельсина",1353249863
990,990,video,"Песня Карлы",1353251121
1001,1001,video,"Монти Питон. Скетчи",1353776835
1005,1005,video,"Монти Питон. Анимация",1353843067
1012,1012,video,"Монти Питон. Сезоны",1353846578
1013,1013,video,"Чайковский",1354352291
1014,1014,book,"видеоклипы, музыкальное видео",1354352358
1016,1016,video,"Boccherini-Quintetto n. 4 G 448 - Fandango (III-parte II)",1354353902
1017,1017,video,Vivaldi,1354354170
1025,1025,video,Mozart,1354356254
1027,1027,video,"Гендель",1354356550
1029,1029,video,"Фредерик Шопен Вальс до # минор № 7",1354357016
1030,1030,video,"Бетховен. Ода к радости",1354357318
1032,1032,video,"Charles-Camille Saint-Saens. Danse macabre",1354357670
1034,1034,video,"Пахельбель, Иоганн - Канон ре мажор",1354358007
1036,1036,video,"Carmen. G.Bizet",1354358317
1037,1037,video,"Моцарт. Ария Дон Жуана ""Fin ch_han dal vino""",1354358690
1038,1038,video,"Россини",1354375708
1042,1042,video,"Моцарт - Женитьба Фигаро (фрагменты), Nozze_Paris",1354377261
1043,1043,video,"Гендель. Юлий Цезарь, опера, фрагменты",1354379068
1044,1044,video,"Альфонс Муха. Видение ""Нового искусства""",1354391416
1045,1045,video,"Жар-птица Ивана Билибина",1354391841
1048,1048,video,"Известная Вселенная",1354392776
1049,1049,video,"Вселенная глазами телескопа Хаббл",1354392997
1050,1050,video,"Пакт",1354420076
1051,1051,video,"Перекресток",1354420950
1053,1053,video,"Черная дыра",1354422230
1054,1054,video,"Начальник",1354422791
1055,1055,book,"история",1354540219
1059,1059,video,Psalteria,1354950491
1060,1060,video,Adicts,1354951833
1061,1061,video,"АлисА - Атеист",1354952373
1062,1062,video,"Alizee - Live in Amsterdam",1354954434
1063,1063,video,"Anti-flag - Death of a Nation",1354954927
1064,1064,video,"Apocalyptica - Path",1354955134
1065,1065,video,"The Adicts - Johnny Was A Soldier",1354955369
1066,1066,video,"The Adicts - Steamroller",1354955502
1067,1067,video,"The Adicts - Steamroller (live - 83)",1354955785
1068,1068,video,"The adicts - Viva la revolustion. Joker in the pack",1354956046
1069,1069,video,"Аквариум - Брод",1354956416
1070,1070,video,"Аквариум - Слова Растамана",1354956553
1071,1071,video,"Bad Religion - I Love My Computer",1354956728
1072,1072,video,"Beastie Boys - Body Movin",1354956921
1073,1073,video,"Beastie Boys - Root Down",1354957091
1074,1074,video,"Black Sabbath",1354957433
1080,1080,video,"Намедни. Наша Эра. 1961-2003",1355636509
1081,1081,video,"Лицедеи",1355640531
1083,1083,book,"мультипликация",1357824257
1084,1084,video,"Остров сокровищ",1357825004
1085,1085,video,"День рождения моего лучшего друга",1360430761
1086,1086,video,"Науменко Д. - PHP и CodeIgniter с нуля 2010",1361008638
1087,1087,video,"Чапурин Вл. Yii framework. Основной курс (akail.ru)",1361009723
1088,1088,video,"CMS Drupal Базовый курс",1361010970
1089,1089,video,"Не крутите ручку настройки",1361622160
1090,1090,video,"Хатха-йога",1361622710
1091,1091,video,"Йога для начинающих",1361623117
1092,1092,video,"Йоги",1361623247
1093,1093,video,"В.Давыдов и Голиаф",1362143130
1094,1094,video,"Проводник",1363615824
1095,1095,video,"Деликатесы",1363616739
1096,1096,video,"Не может быть",1363617713
1097,1097,video,"Орда",1363701935
1098,1098,video,"Великий диктатор",1364102000
1099,1099,video,"Любовь и честь",1364741441
1100,1100,video,"Скрытый клинок",1364741776
1101,1101,video,"Стрела. Абсолютное оружие (Война стрел)",1365314603
1102,1102,video,"Трое в пути",1366034351
1103,1103,video,"Одержимый самурай",1366034964
1104,1104,video,"Горная сакура",1366036135
1105,1105,page,"видеоуроки",1367550543
1106,1106,book,"видеоуроки, программирование",1367550625
1107,1107,video,"Фауст, Шарль Гуно",1367590547
1108,1108,video,"Спаситель",1368325453
1109,1109,video,"Сегодня увольнения не будет",1368325883
1110,1110,video,"Дети Сараево",1368326658
1111,1111,video,"In Extremo, videoclips",1368871579
1112,1112,video,"Гражданская оборона, видео",1368872799
1113,1113,video,"Янка Дягилева, видео",1368877260
1114,1114,video,"Шлюз, видеоклипы",1368955687
1115,1115,video,"Walls of Jericho",1368956426
1116,1116,video,Who,1368956843
1117,1117,video,"Berzerker, All_The_Things_She_Said",1368956944
1118,1118,video,"Rage against the machine",1368957084
1119,1119,video,Hatebreed-defeatist,1368957237
1120,1120,video,"Children of Bodom",1368957373
1121,1121,video,"Bloodhound Gang",1368957549
1122,1122,video,"Эксгибиционист",1369034880
1123,1123,video,"Kraftwerk,видеоклипы",1369142867
1124,1124,video,"Трофим, видеоклипы",1369143107
1125,1125,video,"Роботы",1369213710
1126,1126,video,"Японская война в цвете",1369214385
1127,1127,video,"10 каноэ",1369315045
1128,1128,video,Manowar,1369315857
1129,1129,video,SKA-P,1369316362
1130,1130,video,"Маша и Медведи-Любочка",1369316521
1131,1131,video,"КВН",1369487275
1132,1132,video,"Iron Maiden",1369494693
1133,1133,video,"Mucky pup",1369494812
1134,1134,video,"Napalm Death",1369495034
1135,1135,video,Obituary,1369495156
1136,1136,video,"Nancy Sinatra - These Boots Are Made for Walkin",1369563765
1137,1137,video,"The Passenger - Iggy Pop and The Stooges 70s",1369563904
1138,1138,video,"Sam The Sham and the Pharaohs",1369564006
1139,1139,video,"MOONSPELL - Opium (OFFICIAL VIDEO)",1369564164
1140,1140,video,Molotov,1369564240
1142,1142,video,"Siouxsie and the Banshees",1369564527
1143,1143,video,ELO,1369564606
1144,1144,video,"Пикник",1369564815
1145,1145,video,"Рой Андерсон, рекламные ролики",1369564969
1146,1146,video,Kreator,1369571447
1147,1147,video,"Brutal Truth",1369750172
1148,1148,video,"Бумбокс",1369750294
1149,1149,video,"Das Ich",1369750767
1150,1150,video,Gollbetty,1369750920
1151,1151,video,"System Of A Down",1369752100
1152,1152,video,"Robert Plant and The Strange Sensation",1370869055
1153,1153,video,"Ноль, ""Человек и кошка""",1370869325
1154,1154,video,"Ночные снайперы",1370869956
1155,1155,video,"Matisyahu - Youth",1370910120
1156,1156,video,"Iggy Pop and The Stooges, The Passenger",1370910285
1158,1158,video,"Шопен Вальс до минор 7",1370951830
1159,1159,video,"Roving Mars",1370952776
1160,1160,video,KMFDM,1371003104
1161,1161,video,"Living on the moon",1371038681
1162,1162,video,"Megadeth - Anarchy In The U.K.",1371129218
1163,1163,video,Va-Bank,1371129313
1164,1164,video,"No Doubt - Don`t Speak",1371262951
1165,1165,video,"Coroner. Absorbed",1371302023
1166,1166,video,"Время цыган",1371302590
1167,1167,video,"Охотничий домик",1371308578
1168,1168,video,"10 минут первого",1371310575
1169,1169,video,"Бунт Ихтиандра",1371311976
1170,1170,video,"XZ, концерт",1371312128
1171,1171,video,"Morcheeba - Rome Wasn't Built in a Day",1371312233
1172,1172,video,"Чёрный кофе",1371312573
1173,1173,video,BraAgas,1371372192
1174,1174,video,"Garmarna - Herr Mannelig",1371372635
1175,1175,video,"Tempus est Iocundum Codex Buranus",1371373049
1176,1176,video,"Жанна Д'Арк / The Messenger: The Story of Joan of Arc",1371374598
1177,1177,video,Alf,1371475225
1178,1178,video,Pushnoy,1371513684
1179,1179,video,"Трофимъ. Прибытие поезда",1371514276
1180,1180,video,Casualties,1371514580
1181,1181,video,"Dead Kennedys",1371514680
1182,1182,video,"Dusty Springfield - Spooky",1371514774
1183,1183,video,RAMONES,1371514948
1184,1184,video,"Nancy Sinatra - These Boots Are Made for Walkin",1371515039
1185,1185,video,"Liar Liar Castaways on Never Too Young",1371563686
1186,1186,video,funs,1371565022
1187,1187,video,"Диктатура мозга",1371687570
1188,1188,video,"Всемирный потоп как предчувствие",1371687904
1189,1189,video,Fleur,1371738217
1190,1190,video,"Башня Rowan",1371738685
1191,1191,video,"Jango Papagun",1371739019
1192,1192,video,Tartak,1371739112
1193,1193,video,ZDOB,1371822898
1194,1194,video,"Young Gods",1371823017
1195,1195,video,"Type ONegative - Black N1",1371823297
1196,1196,video,"Theatre of Tragedy, Mage",1371823437
1197,1197,video,"Tiamat - Teonanacatl",1371823553
1198,1198,video,Sepultura,1371889366
1199,1199,video,"Моцарт, Симфонии (Венский Филармонический, Карл Бём)",1371957226
1200,1200,video,"Дворцовые тени",1371958863
1201,1201,video,"Самсара (Рон Фрике)",1371968349
1202,1202,video,Sodom,1372776101
1203,1203,video,"Маски",1373120356
1204,1204,video,"medieval music",1380114462
1205,1205,video,funs,1380114727
1206,1206,video,"Санчо с ранчо",1380115207
1207,1207,video,"Королевство кривых зеркал",1380115743
1208,1208,video,"Sodom - History Of Depravity 1982-1995",1380116093
1209,1209,video,"Soulfly clips",1380117110
1210,1210,video,"Therion, clips",1380117248
1211,1211,video,"Вокруг смеха",1380633367
1212,1212,video,"Михайло Ломоносов",1381561605
1213,1213,video,"Тот самый Мюнхгаузен",1381632011
1214,1214,video,"Ночной дозор",1381632882
1215,1215,video,"Обливион",1381673513
1216,1216,video,"Формула любви",1381673881
1217,1217,video,"Злые улицы",1381674182
1218,1218,videoclip,"Blade Loki",1389510404
1219,1219,videoclip,KSU,1389511230
1220,1220,videoclip,Maanam,1389511785
1221,1221,videoclip,"Лаэртский",1389523473
1222,1222,videoclip,"Liar Liar, Castaways on Never Too Young",1389524861
1223,1223,videoclip,"Holy Moses",1398437618
1224,1224,videoclip,Massacre,1398437832
1225,1225,video,"""Хвалите Господа с небес"", церковные песнопения",1399034426
1226,1226,video,"Таши Лама, мантра Vajrapani",1399034696
1228,1228,video,"Песнь Богородицы",1399797357
1229,1229,video,"Белая гвардия",1406988990
1230,1230,video,"Фаворит",1413294724
1231,1231,video,"Духless",1432129049
1232,1232,video,"Духless 2",1432129333
1233,1233,video,"Порох",1432129569
1234,1234,video,"Космический рейс",1432129957
1235,1235,video,"Зеркало для героя",1433248843
1236,1236,video,"Тарас Бульба",1433249258
1237,1237,video,"Грань будущего",1433249666
1238,1238,video,"Интерстеллар",1433250066
1239,1239,video,"Стартап",1438440398
1240,1240,video,"Здорово и Вечно",1438440902
1241,1241,video,"Дорога на Берлин",1438441361
1242,1242,video,"А зори здесь тихие",1438442335
1243,1243,video,"Шапка",1438442653
1244,1244,video,"Наши матери, наши отцы",1438442927
1245,1245,video,"Вавилон",1451577635
1246,1246,video,"Бальзак и портниха-китаяночка",1451578106
1247,1247,video,"Черное зеркало",1451578585
1248,1248,video,"Внутри девятого номера",1451579036
1249,1249,video,"Гордость третьей роты",1451579242
1250,1250,video,"Кунг Фьюри",1451579732
1251,1251,video,"Хроники будущего",1451580380
1252,1252,video,"Столкновение",1451580801
1253,1253,video,"Безжалостные люди",1464103244
1254,1254,video,"Ревизор",1465830069
1255,1255,video,"Рассказы",1466777971
1256,1256,video,"Как поссорился Иван Иванович с Иваном Никифоровичем",1466778615
1257,1257,video,"Обыкновенное чудо",1466780512
1258,1258,video,"Две стрелы. Детектив каменного века",1466781037
1259,1259,video,"Легкая жизнь",1466781519
1260,1260,video,"Я робкий...но я лечусь",1466782383
1261,1261,video,"Масяня",1467468231
1262,1262,video,"Математик и черт",1469285860